allele,peptide,ic50,percentile,method,hydrophobic_count,charged_count
HLA-A*02:01,YSLGQTGK,2961.4322721740386,29.614322721740386,simulated,2,1
HLA-A*01:01,YSLGQTGK,831.6996663078785,8.316996663078784,simulated,2,1
HLA-A*24:02,YSLGQTGK,4005.3132701305144,40.053132701305145,simulated,2,1
HLA-A*03:01,YSLGQTGK,23064.72591617706,100.0,simulated,2,1
HLA-A*11:01,YSLGQTGK,686.5597454991987,6.865597454991987,simulated,2,1
HLA-A*02:01,SLGQTGKI,686.5822894350093,6.865822894350093,simulated,2,1
HLA-A*01:01,SLGQTGKI,25807.634320000583,100.0,simulated,2,1
HLA-A*24:02,SLGQTGKI,5089.167083350534,50.891670833505344,simulated,2,1
HLA-A*03:01,SLGQTGKI,428.8259939464059,4.288259939464059,simulated,2,1
HLA-A*11:01,SLGQTGKI,3245.809592294938,32.458095922949376,simulated,2,1
HLA-A*02:01,LGQTGKIA,434.0521179683144,4.340521179683144,simulated,3,1
HLA-A*01:01,LGQTGKIA,432.04964164581486,4.320496416458148,simulated,3,1
HLA-A*24:02,LGQTGKIA,1779.20967722999,17.7920967722999,simulated,3,1
HLA-A*03:01,LGQTGKIA,23.889511438888043,0.23889511438888042,simulated,3,1
HLA-A*11:01,LGQTGKIA,34.819039003333614,0.34819039003333613,simulated,3,1
HLA-A*02:01,GQTGKIAD,356.1759824797319,3.561759824797319,simulated,2,2
HLA-A*01:01,GQTGKIAD,144.65299832311248,1.446529983231125,simulated,2,2
HLA-A*24:02,GQTGKIAD,2055.952791935435,20.559527919354352,simulated,2,2
HLA-A*03:01,GQTGKIAD,178.38637590025263,1.7838637590025264,simulated,2,2
HLA-A*11:01,GQTGKIAD,65.06537914141143,0.6506537914141143,simulated,2,2
HLA-A*02:01,QTGKIADY,20564.00585390767,100.0,simulated,3,2
HLA-A*01:01,QTGKIADY,698.1593689836396,6.981593689836396,simulated,3,2
HLA-A*24:02,QTGKIADY,1255.2077922518442,12.552077922518443,simulated,3,2
HLA-A*03:01,QTGKIADY,63.46595545581846,0.6346595545581846,simulated,3,2
HLA-A*11:01,QTGKIADY,369.1616230347997,3.691616230347997,simulated,3,2
HLA-A*02:01,TGKIADYN,1369.012805865621,13.69012805865621,simulated,3,2
HLA-A*01:01,TGKIADYN,109.72890733085468,1.0972890733085467,simulated,3,2
HLA-A*24:02,TGKIADYN,2324.8156782142223,23.248156782142225,simulated,3,2
HLA-A*03:01,TGKIADYN,329.8779112715169,3.298779112715169,simulated,3,2
HLA-A*11:01,TGKIADYN,611.9266977457222,6.119266977457222,simulated,3,2
HLA-A*02:01,GKIADYNY,164.58704759876275,1.6458704759876275,simulated,4,2
HLA-A*01:01,GKIADYNY,22279.208949647742,100.0,simulated,4,2
HLA-A*24:02,GKIADYNY,533.7130686713853,5.337130686713852,simulated,4,2
HLA-A*03:01,GKIADYNY,66.11733466232967,0.6611733466232966,simulated,4,2
HLA-A*11:01,GKIADYNY,2841.0888161400367,28.410888161400365,simulated,4,2
HLA-A*02:01,KIADYNYK,71.56675336183123,0.7156675336183124,simulated,4,3
HLA-A*01:01,KIADYNYK,1248.9333144630295,12.489333144630296,simulated,4,3
HLA-A*24:02,KIADYNYK,16.32957171554316,0.1632957171554316,simulated,4,3
HLA-A*03:01,KIADYNYK,57.739749150071574,0.5773974915007157,simulated,4,3
HLA-A*11:01,KIADYNYK,1219.3099943019574,12.193099943019574,simulated,4,3
HLA-A*02:01,IADYNYKL,2401.349090461635,24.01349090461635,simulated,5,2
HLA-A*01:01,IADYNYKL,772.467071381482,7.72467071381482,simulated,5,2
HLA-A*24:02,IADYNYKL,435.091456867935,4.35091456867935,simulated,5,2
HLA-A*03:01,IADYNYKL,300.2589978170601,3.002589978170601,simulated,5,2
HLA-A*11:01,IADYNYKL,28.497285545047987,0.28497285545047985,simulated,5,2
HLA-A*02:01,ADYNYKLP,129.95190268505888,1.2995190268505887,simulated,4,2
HLA-A*01:01,ADYNYKLP,218.2356140454138,2.182356140454138,simulated,4,2
HLA-A*24:02,ADYNYKLP,4541.8844039936475,45.418844039936474,simulated,4,2
HLA-A*03:01,ADYNYKLP,1090.170514791529,10.90170514791529,simulated,4,2
HLA-A*11:01,ADYNYKLP,16.13147784309101,0.16131477843091008,simulated,4,2
HLA-A*02:01,DYNYKLPD,3145.200901981823,31.452009019818227,simulated,3,3
HLA-A*01:01,DYNYKLPD,761.5079005580335,7.615079005580335,simulated,3,3
HLA-A*24:02,DYNYKLPD,424.8011204405841,4.248011204405841,simulated,3,3
HLA-A*03:01,DYNYKLPD,5590.464658102661,55.90464658102661,simulated,3,3
HLA-A*11:01,DYNYKLPD,12932.051912446525,100.0,simulated,3,3
HLA-A*02:01,YNYKLPDD,10593.812108983337,100.0,simulated,3,3
HLA-A*01:01,YNYKLPDD,307.0559755236447,3.070559755236447,simulated,3,3
HLA-A*24:02,YNYKLPDD,886.2865838783262,8.86286583878326,simulated,3,3
HLA-A*03:01,YNYKLPDD,3190.688396951924,31.90688396951924,simulated,3,3
HLA-A*11:01,YNYKLPDD,11574.450008404005,100.0,simulated,3,3
HLA-A*02:01,NYKLPDDF,630.8806070887141,6.308806070887141,simulated,3,3
HLA-A*01:01,NYKLPDDF,1134.7267531186535,11.347267531186535,simulated,3,3
HLA-A*24:02,NYKLPDDF,179.97089800988692,1.7997089800988693,simulated,3,3
HLA-A*03:01,NYKLPDDF,150.36292321489253,1.5036292321489253,simulated,3,3
HLA-A*11:01,NYKLPDDF,8354.175501334124,83.54175501334124,simulated,3,3
HLA-A*02:01,YKLPDDFT,24783.79187954271,100.0,simulated,3,3
HLA-A*01:01,YKLPDDFT,1424.3129911094534,14.243129911094535,simulated,3,3
HLA-A*24:02,YKLPDDFT,12240.812124329996,100.0,simulated,3,3
HLA-A*03:01,YKLPDDFT,3390.5151761816305,33.905151761816306,simulated,3,3
HLA-A*11:01,YKLPDDFT,452.6981640589553,4.526981640589553,simulated,3,3
HLA-A*02:01,KLPDDFTG,3388.885275880161,33.88885275880161,simulated,2,3
HLA-A*01:01,KLPDDFTG,35651.20553217915,100.0,simulated,2,3
HLA-A*24:02,KLPDDFTG,1531.2092012987184,15.312092012987184,simulated,2,3
HLA-A*03:01,KLPDDFTG,37599.74019836553,100.0,simulated,2,3
HLA-A*11:01,KLPDDFTG,8.723101924293518,0.08723101924293518,simulated,2,3
HLA-A*02:01,LPDDFTGC,5674.881770556369,56.74881770556369,simulated,2,2
HLA-A*01:01,LPDDFTGC,1305.1772528556892,13.051772528556892,simulated,2,2
HLA-A*24:02,LPDDFTGC,603.0410671100378,6.030410671100379,simulated,2,2
HLA-A*03:01,LPDDFTGC,1317.5398848273114,13.175398848273113,simulated,2,2
HLA-A*11:01,LPDDFTGC,20.59116645156714,0.20591166451567142,simulated,2,2
HLA-A*02:01,PDDFTGCV,706.7353193656901,7.067353193656901,simulated,2,2
HLA-A*01:01,PDDFTGCV,2239.986555951016,22.399865559510157,simulated,2,2
HLA-A*24:02,PDDFTGCV,21073.84736838943,100.0,simulated,2,2
HLA-A*03:01,PDDFTGCV,388.95340830596285,3.8895340830596283,simulated,2,2
HLA-A*11:01,PDDFTGCV,217.67710481835917,2.176771048183592,simulated,2,2
HLA-A*02:01,DDFTGCVI,402.0135975631484,4.020135975631484,simulated,3,2
HLA-A*01:01,DDFTGCVI,6841.787010942471,68.41787010942471,simulated,3,2
HLA-A*24:02,DDFTGCVI,2116.464357082159,21.16464357082159,simulated,3,2
HLA-A*03:01,DDFTGCVI,380.11718716908905,3.8011718716908907,simulated,3,2
HLA-A*11:01,DDFTGCVI,3061.1160976096758,30.61116097609676,simulated,3,2
HLA-A*02:01,DFTGCVIA,665.8123793312956,6.658123793312956,simulated,4,1
HLA-A*01:01,DFTGCVIA,3805.2721821837345,38.052721821837345,simulated,4,1
HLA-A*24:02,DFTGCVIA,134.65913125299818,1.3465913125299818,simulated,4,1
HLA-A*03:01,DFTGCVIA,284.7263450680234,2.8472634506802343,simulated,4,1
HLA-A*11:01,DFTGCVIA,250.29407164913172,2.502940716491317,simulated,4,1
HLA-A*02:01,FTGCVIAW,29.36557069086764,0.2936557069086764,simulated,5,0
HLA-A*01:01,FTGCVIAW,991.3755008087949,9.913755008087948,simulated,5,0
HLA-A*24:02,FTGCVIAW,924.2322231308333,9.242322231308332,simulated,5,0
HLA-A*03:01,FTGCVIAW,553.9529374707456,5.539529374707456,simulated,5,0
HLA-A*11:01,FTGCVIAW,342.98220065651816,3.4298220065651814,simulated,5,0
HLA-A*02:01,TGCVIAWN,32.33374220721302,0.32333742207213023,simulated,4,0
HLA-A*01:01,TGCVIAWN,236.40872057325882,2.3640872057325883,simulated,4,0
HLA-A*24:02,TGCVIAWN,276.2824705525978,2.762824705525978,simulated,4,0
HLA-A*03:01,TGCVIAWN,110.20015254754149,1.102001525475415,simulated,4,0
HLA-A*11:01,TGCVIAWN,397.1370344670696,3.9713703446706963,simulated,4,0
HLA-A*02:01,GCVIAWNS,1230.227675253235,12.30227675253235,simulated,4,0
HLA-A*01:01,GCVIAWNS,23842.491426430428,100.0,simulated,4,0
HLA-A*24:02,GCVIAWNS,777.4415350149222,7.774415350149223,simulated,4,0
HLA-A*03:01,GCVIAWNS,917.7762283010846,9.177762283010846,simulated,4,0
HLA-A*11:01,GCVIAWNS,472.4637327521157,4.724637327521156,simulated,4,0
HLA-A*02:01,CVIAWNSN,11.81429677089857,0.1181429677089857,simulated,4,0
HLA-A*01:01,CVIAWNSN,519.9980536260398,5.199980536260398,simulated,4,0
HLA-A*24:02,CVIAWNSN,618.5099254519351,6.1850992545193515,simulated,4,0
HLA-A*03:01,CVIAWNSN,75609.48705278688,100.0,simulated,4,0
HLA-A*11:01,CVIAWNSN,373.2061283319208,3.732061283319208,simulated,4,0
HLA-A*02:01,VIAWNSNN,1002.1946298075227,10.021946298075227,simulated,4,0
HLA-A*01:01,VIAWNSNN,511.5417885142047,5.1154178851420475,simulated,4,0
HLA-A*24:02,VIAWNSNN,52.95787277574854,0.5295787277574854,simulated,4,0
HLA-A*03:01,VIAWNSNN,5391.0661642483565,53.91066164248357,simulated,4,0
HLA-A*11:01,VIAWNSNN,2466.9032172557254,24.669032172557255,simulated,4,0
HLA-A*02:01,IAWNSNNL,2667.55263122848,26.675526312284802,simulated,4,0
HLA-A*01:01,IAWNSNNL,88.95031094650376,0.8895031094650376,simulated,4,0
HLA-A*24:02,IAWNSNNL,9067.405427875423,90.67405427875423,simulated,4,0
HLA-A*03:01,IAWNSNNL,33.21995314888187,0.3321995314888187,simulated,4,0
HLA-A*11:01,IAWNSNNL,1773.245933868642,17.732459338686418,simulated,4,0
HLA-A*02:01,AWNSNNLD,87632.85394263708,100.0,simulated,3,1
HLA-A*01:01,AWNSNNLD,151.24897949362827,1.5124897949362828,simulated,3,1
HLA-A*24:02,AWNSNNLD,353.33073364217717,3.5333073364217715,simulated,3,1
HLA-A*03:01,AWNSNNLD,1338.4971452701545,13.384971452701546,simulated,3,1
HLA-A*11:01,AWNSNNLD,400.63416003184216,4.006341600318422,simulated,3,1
HLA-A*02:01,WNSNNLDS,49.336942335407954,0.4933694233540795,simulated,2,1
HLA-A*01:01,WNSNNLDS,1257.8081851634681,12.578081851634682,simulated,2,1
HLA-A*24:02,WNSNNLDS,131.02558016158332,1.3102558016158332,simulated,2,1
HLA-A*03:01,WNSNNLDS,2827.6036390487925,28.276036390487924,simulated,2,1
HLA-A*11:01,WNSNNLDS,174.36512698509847,1.7436512698509847,simulated,2,1
HLA-A*02:01,NSNNLDSK,24339.816075328203,100.0,simulated,1,2
HLA-A*01:01,NSNNLDSK,228.94765927854675,2.2894765927854674,simulated,1,2
HLA-A*24:02,NSNNLDSK,575.8671360962109,5.758671360962109,simulated,1,2
HLA-A*03:01,NSNNLDSK,5580.50433964163,55.8050433964163,simulated,1,2
HLA-A*11:01,NSNNLDSK,93.52898302443597,0.9352898302443597,simulated,1,2
HLA-A*02:01,SNNLDSKV,1728.3454960254821,17.283454960254822,simulated,2,2
HLA-A*01:01,SNNLDSKV,14977.217745782602,100.0,simulated,2,2
HLA-A*24:02,SNNLDSKV,44.0371471381824,0.440371471381824,simulated,2,2
HLA-A*03:01,SNNLDSKV,1586.4716114886069,15.864716114886068,simulated,2,2
HLA-A*11:01,SNNLDSKV,1844.1349569355978,18.441349569355978,simulated,2,2
HLA-A*02:01,NNLDSKVG,5237.741869795286,52.37741869795286,simulated,2,2
HLA-A*01:01,NNLDSKVG,92.39737583995245,0.9239737583995244,simulated,2,2
HLA-A*24:02,NNLDSKVG,78.1857005826439,0.781857005826439,simulated,2,2
HLA-A*03:01,NNLDSKVG,3114.6844665201697,31.146844665201698,simulated,2,2
HLA-A*11:01,NNLDSKVG,1986.1817310106876,19.861817310106876,simulated,2,2
HLA-A*02:01,NLDSKVGG,1809.8254817556776,18.098254817556775,simulated,2,2
HLA-A*01:01,NLDSKVGG,2192.7163989126852,21.927163989126853,simulated,2,2
HLA-A*24:02,NLDSKVGG,281.448802413936,2.8144880241393597,simulated,2,2
HLA-A*03:01,NLDSKVGG,1744.995741656358,17.449957416563578,simulated,2,2
HLA-A*11:01,NLDSKVGG,1970.7016909220729,19.70701690922073,simulated,2,2
HLA-A*02:01,LDSKVGGN,262.7747401781535,2.627747401781535,simulated,2,2
HLA-A*01:01,LDSKVGGN,45777.547575373996,100.0,simulated,2,2
HLA-A*24:02,LDSKVGGN,2828.9639885359643,28.289639885359644,simulated,2,2
HLA-A*03:01,LDSKVGGN,101.22978235411863,1.0122978235411864,simulated,2,2
HLA-A*11:01,LDSKVGGN,4076.96132758957,40.7696132758957,simulated,2,2
HLA-A*02:01,DSKVGGNY,156.12182930512418,1.5612182930512417,simulated,2,2
HLA-A*01:01,DSKVGGNY,5293.1520998585975,52.931520998585974,simulated,2,2
HLA-A*24:02,DSKVGGNY,11127.682015394814,100.0,simulated,2,2
HLA-A*03:01,DSKVGGNY,212.43485216156347,2.1243485216156346,simulated,2,2
HLA-A*11:01,DSKVGGNY,7530.767629965679,75.30767629965679,simulated,2,2
HLA-A*02:01,SKVGGNYN,2503.7924812186566,25.037924812186567,simulated,2,1
HLA-A*01:01,SKVGGNYN,5676.671406687333,56.76671406687333,simulated,2,1
HLA-A*24:02,SKVGGNYN,48707.3862188212,100.0,simulated,2,1
HLA-A*03:01,SKVGGNYN,671.3051267709416,6.713051267709416,simulated,2,1
HLA-A*11:01,SKVGGNYN,242.87032800123032,2.428703280012303,simulated,2,1
HLA-A*02:01,KVGGNYNY,185.11386842798768,1.851138684279877,simulated,3,1
HLA-A*01:01,KVGGNYNY,214.5149493907938,2.145149493907938,simulated,3,1
HLA-A*24:02,KVGGNYNY,939.9217068140026,9.399217068140025,simulated,3,1
HLA-A*03:01,KVGGNYNY,2169.61269629164,21.696126962916402,simulated,3,1
HLA-A*11:01,KVGGNYNY,1907.1811603690458,19.071811603690456,simulated,3,1
HLA-A*02:01,VGGNYNYL,2867.567296738016,28.67567296738016,simulated,4,0
HLA-A*01:01,VGGNYNYL,562.7618873239801,5.6276188732398005,simulated,4,0
HLA-A*24:02,VGGNYNYL,10035.870197908822,100.0,simulated,4,0
HLA-A*03:01,VGGNYNYL,322.96344807483445,3.2296344807483446,simulated,4,0
HLA-A*11:01,VGGNYNYL,126398.02715464013,100.0,simulated,4,0
HLA-A*02:01,GGNYNYLY,1916.3689736606111,19.163689736606113,simulated,4,0
HLA-A*01:01,GGNYNYLY,98.74469754645763,0.9874469754645763,simulated,4,0
HLA-A*24:02,GGNYNYLY,64.39704991693631,0.6439704991693631,simulated,4,0
HLA-A*03:01,GGNYNYLY,1439.1351903832017,14.391351903832017,simulated,4,0
HLA-A*11:01,GGNYNYLY,350.6986293416051,3.506986293416051,simulated,4,0
HLA-A*02:01,GNYNYLYR,2286.6743854886226,22.866743854886227,simulated,4,1
HLA-A*01:01,GNYNYLYR,1412.7989244886776,14.127989244886775,simulated,4,1
HLA-A*24:02,GNYNYLYR,473.9941567684209,4.739941567684209,simulated,4,1
HLA-A*03:01,GNYNYLYR,100.81280520202066,1.0081280520202065,simulated,4,1
HLA-A*11:01,GNYNYLYR,26.500361384982057,0.2650036138498206,simulated,4,1
HLA-A*02:01,NYNYLYRL,224.4881485366046,2.244881485366046,simulated,5,1
HLA-A*01:01,NYNYLYRL,3040.1143477581722,30.401143477581723,simulated,5,1
HLA-A*24:02,NYNYLYRL,841.3773973917502,8.413773973917502,simulated,5,1
HLA-A*03:01,NYNYLYRL,45.393787751443604,0.45393787751443604,simulated,5,1
HLA-A*11:01,NYNYLYRL,775.2725703072769,7.752725703072769,simulated,5,1
HLA-A*02:01,YNYLYRLF,1184.987587579277,11.84987587579277,simulated,6,1
HLA-A*01:01,YNYLYRLF,93.61006849016869,0.9361006849016869,simulated,6,1
HLA-A*24:02,YNYLYRLF,745.6848302161629,7.456848302161629,simulated,6,1
HLA-A*03:01,YNYLYRLF,616.0143485310057,6.160143485310057,simulated,6,1
HLA-A*11:01,YNYLYRLF,55.75194088298504,0.5575194088298504,simulated,6,1
HLA-A*02:01,NYLYRLFR,1121.5058163118679,11.215058163118679,simulated,5,2
HLA-A*01:01,NYLYRLFR,1683.149251667533,16.83149251667533,simulated,5,2
HLA-A*24:02,NYLYRLFR,4783.631694784172,47.83631694784172,simulated,5,2
HLA-A*03:01,NYLYRLFR,4511.824623466264,45.118246234662635,simulated,5,2
HLA-A*11:01,NYLYRLFR,34.86606768211396,0.34866067682113955,simulated,5,2
HLA-A*02:01,YLYRLFRK,126.04863792165307,1.2604863792165306,simulated,5,3
HLA-A*01:01,YLYRLFRK,2303.968758316856,23.03968758316856,simulated,5,3
HLA-A*24:02,YLYRLFRK,2298.2191729263254,22.982191729263253,simulated,5,3
HLA-A*03:01,YLYRLFRK,2304.025985452339,23.040259854523388,simulated,5,3
HLA-A*11:01,YLYRLFRK,1826260.3490422075,100.0,simulated,5,3
HLA-A*02:01,LYRLFRKS,2576.272714200498,25.762727142004977,simulated,4,3
HLA-A*01:01,LYRLFRKS,7970.075206272322,79.70075206272323,simulated,4,3
HLA-A*24:02,LYRLFRKS,5543.167983796818,55.431679837968176,simulated,4,3
HLA-A*03:01,LYRLFRKS,3026.313315585051,30.26313315585051,simulated,4,3
HLA-A*11:01,LYRLFRKS,437.8075535068243,4.378075535068243,simulated,4,3
HLA-A*02:01,YRLFRKSN,7505.591455033162,75.05591455033162,simulated,3,3
HLA-A*01:01,YRLFRKSN,350.6591535046393,3.5065915350463928,simulated,3,3
HLA-A*24:02,YRLFRKSN,1024.3647000943797,10.243647000943797,simulated,3,3
HLA-A*03:01,YRLFRKSN,623.1193119751192,6.231193119751192,simulated,3,3
HLA-A*11:01,YRLFRKSN,1937.6155281474691,19.37615528147469,simulated,3,3
HLA-A*02:01,RLFRKSNL,168515.37003764635,100.0,simulated,3,3
HLA-A*01:01,RLFRKSNL,39.28861266922434,0.39288612669224343,simulated,3,3
HLA-A*24:02,RLFRKSNL,6489.790241132079,64.89790241132079,simulated,3,3
HLA-A*03:01,RLFRKSNL,65.36803422973038,0.6536803422973039,simulated,3,3
HLA-A*11:01,RLFRKSNL,640.0852537901549,6.400852537901549,simulated,3,3
HLA-A*02:01,LFRKSNLK,14521.219929647552,100.0,simulated,3,3
HLA-A*01:01,LFRKSNLK,1870.619888883566,18.70619888883566,simulated,3,3
HLA-A*24:02,LFRKSNLK,190.56160959900458,1.9056160959900459,simulated,3,3
HLA-A*03:01,LFRKSNLK,393.41211046772935,3.9341211046772937,simulated,3,3
HLA-A*11:01,LFRKSNLK,6403.888135014306,64.03888135014306,simulated,3,3
HLA-A*02:01,FRKSNLKP,381.73698276650475,3.8173698276650474,simulated,2,3
HLA-A*01:01,FRKSNLKP,2536.0988341950915,25.360988341950915,simulated,2,3
HLA-A*24:02,FRKSNLKP,1801.9213439617015,18.019213439617015,simulated,2,3
HLA-A*03:01,FRKSNLKP,446.8685201129217,4.468685201129217,simulated,2,3
HLA-A*11:01,FRKSNLKP,119772.96683752885,100.0,simulated,2,3
HLA-A*02:01,RKSNLKPF,5844.773679189944,58.447736791899445,simulated,2,3
HLA-A*01:01,RKSNLKPF,28.65075899531604,0.2865075899531604,simulated,2,3
HLA-A*24:02,RKSNLKPF,2388.387515804165,23.88387515804165,simulated,2,3
HLA-A*03:01,RKSNLKPF,437.856914845893,4.37856914845893,simulated,2,3
HLA-A*11:01,RKSNLKPF,9048.29641647259,90.48296416472591,simulated,2,3
HLA-A*02:01,KSNLKPFE,337.1148357612776,3.371148357612776,simulated,2,3
HLA-A*01:01,KSNLKPFE,1307.6569476441036,13.076569476441037,simulated,2,3
HLA-A*24:02,KSNLKPFE,4516.260764978977,45.16260764978977,simulated,2,3
HLA-A*03:01,KSNLKPFE,9292.617033056002,92.92617033056001,simulated,2,3
HLA-A*11:01,KSNLKPFE,149.13803611965713,1.4913803611965712,simulated,2,3
HLA-A*02:01,SNLKPFER,842.5749640981758,8.425749640981758,simulated,2,3
HLA-A*01:01,SNLKPFER,636.2391316203945,6.3623913162039445,simulated,2,3
HLA-A*24:02,SNLKPFER,445.3260199210853,4.4532601992108525,simulated,2,3
HLA-A*03:01,SNLKPFER,56183.22976935667,100.0,simulated,2,3
HLA-A*11:01,SNLKPFER,3697.5604008016708,36.97560400801671,simulated,2,3
HLA-A*02:01,NLKPFERD,132.11822946057742,1.3211822946057743,simulated,2,4
HLA-A*01:01,NLKPFERD,10313.293799914545,100.0,simulated,2,4
HLA-A*24:02,NLKPFERD,114665.84731273598,100.0,simulated,2,4
HLA-A*03:01,NLKPFERD,12970.01753415445,100.0,simulated,2,4
HLA-A*11:01,NLKPFERD,78.78520112151186,0.7878520112151186,simulated,2,4
HLA-A*02:01,LKPFERDI,624.5284983400878,6.245284983400878,simulated,3,4
HLA-A*01:01,LKPFERDI,20728.96769350344,100.0,simulated,3,4
HLA-A*24:02,LKPFERDI,399.4650099922577,3.994650099922577,simulated,3,4
HLA-A*03:01,LKPFERDI,3996.219085235757,39.96219085235757,simulated,3,4
HLA-A*11:01,LKPFERDI,7744.461447812504,77.44461447812505,simulated,3,4
HLA-A*02:01,KPFERDIS,257.6505385348641,2.576505385348641,simulated,2,4
HLA-A*01:01,KPFERDIS,1460.3251508731496,14.603251508731496,simulated,2,4
HLA-A*24:02,KPFERDIS,2.516654469362167,0.02516654469362167,simulated,2,4
HLA-A*03:01,KPFERDIS,212.02195389937737,2.1202195389937737,simulated,2,4
HLA-A*11:01,KPFERDIS,992.6010344569953,9.926010344569953,simulated,2,4
HLA-A*02:01,PFERDIST,135.62568082344126,1.3562568082344126,simulated,2,3
HLA-A*01:01,PFERDIST,43057.32799689199,100.0,simulated,2,3
HLA-A*24:02,PFERDIST,94.17759913484933,0.9417759913484933,simulated,2,3
HLA-A*03:01,PFERDIST,682.2363381663307,6.822363381663307,simulated,2,3
HLA-A*11:01,PFERDIST,2136.5470197468185,21.365470197468184,simulated,2,3
HLA-A*02:01,FERDISTE,29378.302957752072,100.0,simulated,2,4
HLA-A*01:01,FERDISTE,93.10620266512223,0.9310620266512223,simulated,2,4
HLA-A*24:02,FERDISTE,16844.721328351912,100.0,simulated,2,4
HLA-A*03:01,FERDISTE,1678.9623456064282,16.789623456064284,simulated,2,4
HLA-A*11:01,FERDISTE,231.00695216291217,2.3100695216291216,simulated,2,4
HLA-A*02:01,ERDISTEI,4145.05798508129,41.4505798508129,simulated,2,4
HLA-A*01:01,ERDISTEI,2449.366011548015,24.493660115480154,simulated,2,4
HLA-A*24:02,ERDISTEI,495.2344831750371,4.952344831750371,simulated,2,4
HLA-A*03:01,ERDISTEI,1891.3937650230193,18.913937650230192,simulated,2,4
HLA-A*11:01,ERDISTEI,761.1556834364598,7.611556834364597,simulated,2,4
HLA-A*02:01,RDISTEIY,2064.203669075056,20.64203669075056,simulated,3,3
HLA-A*01:01,RDISTEIY,6184.0362809108965,61.84036280910897,simulated,3,3
HLA-A*24:02,RDISTEIY,39241.83752349816,100.0,simulated,3,3
HLA-A*03:01,RDISTEIY,138.3565585294986,1.3835655852949862,simulated,3,3
HLA-A*11:01,RDISTEIY,117187.65964157315,100.0,simulated,3,3
HLA-A*02:01,DISTEIYQ,22.10545478580373,0.2210545478580373,simulated,3,2
HLA-A*01:01,DISTEIYQ,809.5105533674118,8.095105533674118,simulated,3,2
HLA-A*24:02,DISTEIYQ,3556.8635597274906,35.568635597274906,simulated,3,2
HLA-A*03:01,DISTEIYQ,1923.6577590087634,19.236577590087634,simulated,3,2
HLA-A*11:01,DISTEIYQ,315.6395696901681,3.156395696901681,simulated,3,2
HLA-A*02:01,ISTEIYQA,361.62520085714203,3.6162520085714203,simulated,4,1
HLA-A*01:01,ISTEIYQA,204.55787650218917,2.045578765021892,simulated,4,1
HLA-A*24:02,ISTEIYQA,168.70022200929685,1.6870022200929684,simulated,4,1
HLA-A*03:01,ISTEIYQA,2999.068482146436,29.99068482146436,simulated,4,1
HLA-A*11:01,ISTEIYQA,1119.7758287679837,11.197758287679838,simulated,4,1
HLA-A*02:01,STEIYQAG,274.2885925212986,2.742885925212986,simulated,3,1
HLA-A*01:01,STEIYQAG,6628.937081974442,66.28937081974442,simulated,3,1
HLA-A*24:02,STEIYQAG,2027.5816202036328,20.275816202036328,simulated,3,1
HLA-A*03:01,STEIYQAG,5573.197566955886,55.731975669558864,simulated,3,1
HLA-A*11:01,STEIYQAG,3863.225301291837,38.63225301291837,simulated,3,1
HLA-A*02:01,TEIYQAGS,208.9322377612816,2.0893223776128163,simulated,3,1
HLA-A*01:01,TEIYQAGS,357.6797094496203,3.576797094496203,simulated,3,1
HLA-A*24:02,TEIYQAGS,4888.2380973219515,48.88238097321951,simulated,3,1
HLA-A*03:01,TEIYQAGS,3717.254104922773,37.17254104922773,simulated,3,1
HLA-A*11:01,TEIYQAGS,1051.7353698396853,10.517353698396853,simulated,3,1
HLA-A*02:01,EIYQAGST,1386.6620934896468,13.866620934896469,simulated,3,1
HLA-A*01:01,EIYQAGST,14119.749803294859,100.0,simulated,3,1
HLA-A*24:02,EIYQAGST,335.91468778713494,3.3591468778713494,simulated,3,1
HLA-A*03:01,EIYQAGST,3275.3983109562755,32.75398310956275,simulated,3,1
HLA-A*11:01,EIYQAGST,731.8786306800363,7.318786306800363,simulated,3,1
HLA-A*02:01,IYQAGSTP,709.554702391472,7.09554702391472,simulated,3,0
HLA-A*01:01,IYQAGSTP,9872.947341141646,98.72947341141645,simulated,3,0
HLA-A*24:02,IYQAGSTP,5714.903541598986,57.14903541598986,simulated,3,0
HLA-A*03:01,IYQAGSTP,5580.4197245575715,55.804197245575715,simulated,3,0
HLA-A*11:01,IYQAGSTP,14927.457992394922,100.0,simulated,3,0
HLA-A*02:01,YQAGSTPC,1143.681453314567,11.436814533145672,simulated,2,0
HLA-A*01:01,YQAGSTPC,4289.4163022777175,42.89416302277718,simulated,2,0
HLA-A*24:02,YQAGSTPC,589.6130573896056,5.896130573896056,simulated,2,0
HLA-A*03:01,YQAGSTPC,2097.1461116252362,20.971461116252364,simulated,2,0
HLA-A*11:01,YQAGSTPC,845.3188481429677,8.453188481429677,simulated,2,0
HLA-A*02:01,QAGSTPCN,1331.4074968933016,13.314074968933017,simulated,1,0
HLA-A*01:01,QAGSTPCN,3605.8544904165806,36.05854490416581,simulated,1,0
HLA-A*24:02,QAGSTPCN,213.4833051373146,2.134833051373146,simulated,1,0
HLA-A*03:01,QAGSTPCN,72025.43153318804,100.0,simulated,1,0
HLA-A*11:01,QAGSTPCN,146.63774666922862,1.4663774666922862,simulated,1,0
HLA-A*02:01,AGSTPCNG,96.70090627329003,0.9670090627329003,simulated,1,0
HLA-A*01:01,AGSTPCNG,11116.899944854666,100.0,simulated,1,0
HLA-A*24:02,AGSTPCNG,5341.839711720162,53.41839711720162,simulated,1,0
HLA-A*03:01,AGSTPCNG,3820.8937266958796,38.2089372669588,simulated,1,0
HLA-A*11:01,AGSTPCNG,3853.3224090343797,38.53322409034379,simulated,1,0
HLA-A*02:01,GSTPCNGV,1070.099008310127,10.700990083101269,simulated,1,0
HLA-A*01:01,GSTPCNGV,182.2703923897281,1.822703923897281,simulated,1,0
HLA-A*24:02,GSTPCNGV,1276.1577903233297,12.761577903233297,simulated,1,0
HLA-A*03:01,GSTPCNGV,283.0650067161723,2.830650067161723,simulated,1,0
HLA-A*11:01,GSTPCNGV,7709.737866600612,77.09737866600612,simulated,1,0
HLA-A*02:01,STPCNGVE,817.201122876275,8.17201122876275,simulated,1,1
HLA-A*01:01,STPCNGVE,210.39897441851878,2.1039897441851876,simulated,1,1
HLA-A*24:02,STPCNGVE,576.6458596805878,5.766458596805879,simulated,1,1
HLA-A*03:01,STPCNGVE,2504.546373134151,25.04546373134151,simulated,1,1
HLA-A*11:01,STPCNGVE,355.1537855456394,3.551537855456394,simulated,1,1
HLA-A*02:01,TPCNGVEG,211.7823738266974,2.1178237382669742,simulated,1,1
HLA-A*01:01,TPCNGVEG,1785.3583368176535,17.853583368176533,simulated,1,1
HLA-A*24:02,TPCNGVEG,1789.9324169307963,17.899324169307963,simulated,1,1
HLA-A*03:01,TPCNGVEG,397.86535708128054,3.9786535708128055,simulated,1,1
HLA-A*11:01,TPCNGVEG,427.48679061932916,4.2748679061932915,simulated,1,1
HLA-A*02:01,PCNGVEGF,1744.2847665559507,17.44284766555951,simulated,2,1
HLA-A*01:01,PCNGVEGF,60.57191380071093,0.6057191380071093,simulated,2,1
HLA-A*24:02,PCNGVEGF,65.69826066521442,0.6569826066521443,simulated,2,1
HLA-A*03:01,PCNGVEGF,260.6325490973541,2.606325490973541,simulated,2,1
HLA-A*11:01,PCNGVEGF,715.5887973279999,7.15588797328,simulated,2,1
HLA-A*02:01,CNGVEGFN,2042.2657477974296,20.422657477974298,simulated,2,1
HLA-A*01:01,CNGVEGFN,20967.154773804552,100.0,simulated,2,1
HLA-A*24:02,CNGVEGFN,6095.580298981524,60.95580298981524,simulated,2,1
HLA-A*03:01,CNGVEGFN,796.4170175639182,7.964170175639182,simulated,2,1
HLA-A*11:01,CNGVEGFN,1055.708710826693,10.55708710826693,simulated,2,1
HLA-A*02:01,NGVEGFNC,147.6642729130285,1.476642729130285,simulated,2,1
HLA-A*01:01,NGVEGFNC,1056.7714401620676,10.567714401620677,simulated,2,1
HLA-A*24:02,NGVEGFNC,615.6525253527467,6.156525253527467,simulated,2,1
HLA-A*03:01,NGVEGFNC,2091.0824314533816,20.910824314533816,simulated,2,1
HLA-A*11:01,NGVEGFNC,209.67068074470487,2.0967068074470485,simulated,2,1
HLA-A*02:01,GVEGFNCY,3098.560812006192,30.98560812006192,simulated,3,1
HLA-A*01:01,GVEGFNCY,23516.976086711282,100.0,simulated,3,1
HLA-A*24:02,GVEGFNCY,882.2537412163235,8.822537412163236,simulated,3,1
HLA-A*03:01,GVEGFNCY,2448.971560529886,24.489715605298862,simulated,3,1
HLA-A*11:01,GVEGFNCY,4360.264429283421,43.60264429283421,simulated,3,1
HLA-A*02:01,VEGFNCYF,245.77386757350246,2.4577386757350244,simulated,4,1
HLA-A*01:01,VEGFNCYF,858.372181204174,8.58372181204174,simulated,4,1
HLA-A*24:02,VEGFNCYF,562.3011840394429,5.623011840394429,simulated,4,1
HLA-A*03:01,VEGFNCYF,666.609899526182,6.6660989952618195,simulated,4,1
HLA-A*11:01,VEGFNCYF,116.84324518371353,1.1684324518371354,simulated,4,1
HLA-A*02:01,EGFNCYFP,1151.7298960358269,11.517298960358268,simulated,3,1
HLA-A*01:01,EGFNCYFP,2969.047824227045,29.69047824227045,simulated,3,1
HLA-A*24:02,EGFNCYFP,19976.007663403834,100.0,simulated,3,1
HLA-A*03:01,EGFNCYFP,7469.188608175224,74.69188608175223,simulated,3,1
HLA-A*11:01,EGFNCYFP,81337.70100309487,100.0,simulated,3,1
HLA-A*02:01,GFNCYFPL,118.17395025432414,1.1817395025432413,simulated,4,0
HLA-A*01:01,GFNCYFPL,3138.480651595764,31.38480651595764,simulated,4,0
HLA-A*24:02,GFNCYFPL,791.1889633182296,7.911889633182296,simulated,4,0
HLA-A*03:01,GFNCYFPL,43759.26697273208,100.0,simulated,4,0
HLA-A*11:01,GFNCYFPL,108.88107687061188,1.0888107687061188,simulated,4,0
HLA-A*02:01,FNCYFPLQ,102.24880778785972,1.0224880778785972,simulated,4,0
HLA-A*01:01,FNCYFPLQ,165.35051078747682,1.6535051078747682,simulated,4,0
HLA-A*24:02,FNCYFPLQ,7.838608809278163,0.07838608809278164,simulated,4,0
HLA-A*03:01,FNCYFPLQ,191.58714609098936,1.9158714609098937,simulated,4,0
HLA-A*11:01,FNCYFPLQ,120.13156249294421,1.201315624929442,simulated,4,0
HLA-A*02:01,NCYFPLQS,1481.4662309831929,14.81466230983193,simulated,3,0
HLA-A*01:01,NCYFPLQS,2172.2351762581666,21.722351762581667,simulated,3,0
HLA-A*24:02,NCYFPLQS,46739.348932175875,100.0,simulated,3,0
HLA-A*03:01,NCYFPLQS,7338.191314844451,73.38191314844451,simulated,3,0
HLA-A*11:01,NCYFPLQS,345.9148645874069,3.459148645874069,simulated,3,0
HLA-A*02:01,CYFPLQSY,90.92395308378292,0.9092395308378292,simulated,4,0
HLA-A*01:01,CYFPLQSY,1466.5839947784862,14.665839947784862,simulated,4,0
HLA-A*24:02,CYFPLQSY,39.11032135377221,0.3911032135377221,simulated,4,0
HLA-A*03:01,CYFPLQSY,21370.577058387178,100.0,simulated,4,0
HLA-A*11:01,CYFPLQSY,5800.6952548863865,58.006952548863865,simulated,4,0
HLA-A*02:01,YFPLQSYG,214.5411400817538,2.145411400817538,simulated,4,0
HLA-A*01:01,YFPLQSYG,17.82467549807906,0.1782467549807906,simulated,4,0
HLA-A*24:02,YFPLQSYG,8222.236799583894,82.22236799583894,simulated,4,0
HLA-A*03:01,YFPLQSYG,436.05706985013103,4.36057069850131,simulated,4,0
HLA-A*11:01,YFPLQSYG,6519.059808594994,65.19059808594994,simulated,4,0
HLA-A*02:01,FPLQSYGF,22.601075685550345,0.22601075685550345,simulated,4,0
HLA-A*01:01,FPLQSYGF,165.3563386657061,1.653563386657061,simulated,4,0
HLA-A*24:02,FPLQSYGF,554.0972533348347,5.540972533348347,simulated,4,0
HLA-A*03:01,FPLQSYGF,602.3351433750773,6.023351433750773,simulated,4,0
HLA-A*11:01,FPLQSYGF,222.89969598461133,2.2289969598461132,simulated,4,0
HLA-A*02:01,PLQSYGFQ,3811.201850467696,38.11201850467696,simulated,3,0
HLA-A*01:01,PLQSYGFQ,129.6397099906487,1.2963970999064869,simulated,3,0
HLA-A*24:02,PLQSYGFQ,824.8825643478094,8.248825643478094,simulated,3,0
HLA-A*03:01,PLQSYGFQ,1394.9184913711542,13.949184913711543,simulated,3,0
HLA-A*11:01,PLQSYGFQ,3068.2960935610377,30.682960935610378,simulated,3,0
HLA-A*02:01,LQSYGFQP,4551.5802356071345,45.51580235607135,simulated,3,0
HLA-A*01:01,LQSYGFQP,115.66705126423702,1.1566705126423702,simulated,3,0
HLA-A*24:02,LQSYGFQP,50.99724739031153,0.5099724739031153,simulated,3,0
HLA-A*03:01,LQSYGFQP,14120.08659469249,100.0,simulated,3,0
HLA-A*11:01,LQSYGFQP,2131.5997304305406,21.315997304305405,simulated,3,0
HLA-A*02:01,QSYGFQPT,245.43371895366226,2.4543371895366226,simulated,2,0
HLA-A*01:01,QSYGFQPT,24399.159184723005,100.0,simulated,2,0
HLA-A*24:02,QSYGFQPT,1382.0860518836473,13.820860518836474,simulated,2,0
HLA-A*03:01,QSYGFQPT,11598.074455818305,100.0,simulated,2,0
HLA-A*11:01,QSYGFQPT,1255.183383021024,12.551833830210239,simulated,2,0
HLA-A*02:01,SYGFQPTN,67608.9635249589,100.0,simulated,2,0
HLA-A*01:01,SYGFQPTN,36705.492596941156,100.0,simulated,2,0
HLA-A*24:02,SYGFQPTN,666.521037353493,6.66521037353493,simulated,2,0
HLA-A*03:01,SYGFQPTN,7655.211233582926,76.55211233582926,simulated,2,0
HLA-A*11:01,SYGFQPTN,3986.830762574445,39.86830762574445,simulated,2,0
HLA-A*02:01,YGFQPTNG,16937.122932131995,100.0,simulated,2,0
HLA-A*01:01,YGFQPTNG,159.19869542972293,1.5919869542972294,simulated,2,0
HLA-A*24:02,YGFQPTNG,4324.721049224809,43.24721049224809,simulated,2,0
HLA-A*03:01,YGFQPTNG,9107.458513760368,91.07458513760368,simulated,2,0
HLA-A*11:01,YGFQPTNG,32.541657153503316,0.32541657153503317,simulated,2,0
HLA-A*02:01,GFQPTNGV,102.87174052631373,1.0287174052631374,simulated,2,0
HLA-A*01:01,GFQPTNGV,18.569782158746712,0.18569782158746712,simulated,2,0
HLA-A*24:02,GFQPTNGV,639.8196444619563,6.398196444619563,simulated,2,0
HLA-A*03:01,GFQPTNGV,4605.859202311237,46.05859202311237,simulated,2,0
HLA-A*11:01,GFQPTNGV,22130.54597921717,100.0,simulated,2,0
HLA-A*02:01,FQPTNGVG,1271.801350660257,12.718013506602569,simulated,2,0
HLA-A*01:01,FQPTNGVG,28487.796772602334,100.0,simulated,2,0
HLA-A*24:02,FQPTNGVG,69.39376927410133,0.6939376927410134,simulated,2,0
HLA-A*03:01,FQPTNGVG,36.35148737465388,0.3635148737465388,simulated,2,0
HLA-A*11:01,FQPTNGVG,981.3258860485437,9.813258860485437,simulated,2,0
HLA-A*02:01,QPTNGVGY,2364.0485082472837,23.640485082472836,simulated,2,0
HLA-A*01:01,QPTNGVGY,1027.2190761810775,10.272190761810775,simulated,2,0
HLA-A*24:02,QPTNGVGY,17.551085501215713,0.17551085501215713,simulated,2,0
HLA-A*03:01,QPTNGVGY,917.5984906953802,9.175984906953802,simulated,2,0
HLA-A*11:01,QPTNGVGY,80.7260237888692,0.807260237888692,simulated,2,0
HLA-A*02:01,PTNGVGYQ,4185.347849627773,41.85347849627773,simulated,2,0
HLA-A*01:01,PTNGVGYQ,2282.887783408675,22.828877834086754,simulated,2,0
HLA-A*24:02,PTNGVGYQ,167.3756064566191,1.6737560645661909,simulated,2,0
HLA-A*03:01,PTNGVGYQ,392.39389337564984,3.9239389337564985,simulated,2,0
HLA-A*11:01,PTNGVGYQ,131.8378760827419,1.318378760827419,simulated,2,0
HLA-A*02:01,TNGVGYQP,967.4287758036287,9.674287758036288,simulated,2,0
HLA-A*01:01,TNGVGYQP,7407.7693531138775,74.07769353113878,simulated,2,0
HLA-A*24:02,TNGVGYQP,152.7111009459178,1.527111009459178,simulated,2,0
HLA-A*03:01,TNGVGYQP,3005.1808585618205,30.051808585618204,simulated,2,0
HLA-A*11:01,TNGVGYQP,379.7392235235741,3.797392235235741,simulated,2,0
HLA-A*02:01,NGVGYQPY,224.58501814590105,2.2458501814590104,simulated,3,0
HLA-A*01:01,NGVGYQPY,885.3112517687289,8.853112517687288,simulated,3,0
HLA-A*24:02,NGVGYQPY,138.31246367222434,1.3831246367222434,simulated,3,0
HLA-A*03:01,NGVGYQPY,362.38290060899976,3.6238290060899976,simulated,3,0
HLA-A*11:01,NGVGYQPY,99.9074457413218,0.999074457413218,simulated,3,0
HLA-A*02:01,GVGYQPYR,55795.59852805834,100.0,simulated,3,1
HLA-A*01:01,GVGYQPYR,1176.7681499344696,11.767681499344697,simulated,3,1
HLA-A*24:02,GVGYQPYR,270.57490795949724,2.7057490795949724,simulated,3,1
HLA-A*03:01,GVGYQPYR,1682.371731004816,16.82371731004816,simulated,3,1
HLA-A*11:01,GVGYQPYR,875.980561497062,8.75980561497062,simulated,3,1
HLA-A*02:01,VGYQPYRV,352.45171014572946,3.5245171014572945,simulated,4,1
HLA-A*01:01,VGYQPYRV,1872.7930769270574,18.727930769270575,simulated,4,1
HLA-A*24:02,VGYQPYRV,2494.5614957546472,24.94561495754647,simulated,4,1
HLA-A*03:01,VGYQPYRV,189.77715667535531,1.897771566753553,simulated,4,1
HLA-A*11:01,VGYQPYRV,173.333301308847,1.73333301308847,simulated,4,1
HLA-A*02:01,GYQPYRVV,316.31843919064875,3.1631843919064875,simulated,4,1
HLA-A*01:01,GYQPYRVV,5.490451485680061,0.05490451485680061,simulated,4,1
HLA-A*24:02,GYQPYRVV,26.482144012828037,0.26482144012828035,simulated,4,1
HLA-A*03:01,GYQPYRVV,8438.85026959555,84.38850269595551,simulated,4,1
HLA-A*11:01,GYQPYRVV,14717.436796423703,100.0,simulated,4,1
HLA-A*02:01,YQPYRVVV,333.2126052059583,3.332126052059583,simulated,5,1
HLA-A*01:01,YQPYRVVV,1737.0902904089057,17.370902904089057,simulated,5,1
HLA-A*24:02,YQPYRVVV,1021.8327713174845,10.218327713174844,simulated,5,1
HLA-A*03:01,YQPYRVVV,259008.05390345363,100.0,simulated,5,1
HLA-A*11:01,YQPYRVVV,5146.14228612691,51.4614228612691,simulated,5,1
HLA-A*02:01,QPYRVVVL,424.54484261199934,4.245448426119993,simulated,5,1
HLA-A*01:01,QPYRVVVL,81.10721636529746,0.8110721636529746,simulated,5,1
HLA-A*24:02,QPYRVVVL,22.064283697955005,0.22064283697955006,simulated,5,1
HLA-A*03:01,QPYRVVVL,823.678341280482,8.236783412804819,simulated,5,1
HLA-A*11:01,QPYRVVVL,120.80181725285334,1.2080181725285335,simulated,5,1
HLA-A*02:01,PYRVVVLS,31.891687638667037,0.3189168763866704,simulated,5,1
HLA-A*01:01,PYRVVVLS,150.46147193073722,1.5046147193073722,simulated,5,1
HLA-A*24:02,PYRVVVLS,63.039203599380436,0.6303920359938043,simulated,5,1
HLA-A*03:01,PYRVVVLS,16012.678434369544,100.0,simulated,5,1
HLA-A*11:01,PYRVVVLS,3197.524940232616,31.975249402326156,simulated,5,1
HLA-A*02:01,YRVVVLSF,539.642852672045,5.396428526720451,simulated,6,1
HLA-A*01:01,YRVVVLSF,10580.215747526436,100.0,simulated,6,1
HLA-A*24:02,YRVVVLSF,640.0776100695479,6.400776100695478,simulated,6,1
HLA-A*03:01,YRVVVLSF,97.93308279196863,0.9793308279196863,simulated,6,1
HLA-A*11:01,YRVVVLSF,11534.536341209256,100.0,simulated,6,1
HLA-A*02:01,RVVVLSFE,1611.1007287207237,16.111007287207237,simulated,5,2
HLA-A*01:01,RVVVLSFE,68.87963153897441,0.6887963153897441,simulated,5,2
HLA-A*24:02,RVVVLSFE,374.71864458905685,3.7471864458905686,simulated,5,2
HLA-A*03:01,RVVVLSFE,95.1653888003321,0.951653888003321,simulated,5,2
HLA-A*11:01,RVVVLSFE,34.51014564636206,0.3451014564636206,simulated,5,2
HLA-A*02:01,VVVLSFEL,3495.4168379803373,34.95416837980337,simulated,6,1
HLA-A*01:01,VVVLSFEL,24976.386072628433,100.0,simulated,6,1
HLA-A*24:02,VVVLSFEL,33.4388257277097,0.334388257277097,simulated,6,1
HLA-A*03:01,VVVLSFEL,1690.5197293882666,16.905197293882665,simulated,6,1
HLA-A*11:01,VVVLSFEL,149.2417808681808,1.492417808681808,simulated,6,1
HLA-A*02:01,VVLSFELL,206.97583595007507,2.0697583595007507,simulated,6,1
HLA-A*01:01,VVLSFELL,167.6812693138382,1.6768126931383818,simulated,6,1
HLA-A*24:02,VVLSFELL,97.40438986159381,0.9740438986159381,simulated,6,1
HLA-A*03:01,VVLSFELL,604.1944452386002,6.041944452386002,simulated,6,1
HLA-A*11:01,VVLSFELL,104.05843190626582,1.0405843190626582,simulated,6,1
HLA-A*02:01,VLSFELLH,941.775073888463,9.41775073888463,simulated,6,1
HLA-A*01:01,VLSFELLH,495.9011440657744,4.959011440657744,simulated,6,1
HLA-A*24:02,VLSFELLH,340.003776773966,3.40003776773966,simulated,6,1
HLA-A*03:01,VLSFELLH,89.27535726822569,0.8927535726822569,simulated,6,1
HLA-A*11:01,VLSFELLH,173.00321156817998,1.7300321156817997,simulated,6,1
HLA-A*02:01,LSFELLHA,2484.0244129668467,24.840244129668466,simulated,6,1
HLA-A*01:01,LSFELLHA,1493.2156005100676,14.932156005100676,simulated,6,1
HLA-A*24:02,LSFELLHA,77.61357363293092,0.7761357363293092,simulated,6,1
HLA-A*03:01,LSFELLHA,668.8216484218981,6.688216484218981,simulated,6,1
HLA-A*11:01,LSFELLHA,2464.211276187908,24.64211276187908,simulated,6,1
HLA-A*02:01,SFELLHAP,19.453796760261366,0.19453796760261366,simulated,5,1
HLA-A*01:01,SFELLHAP,1625.5040059781065,16.255040059781066,simulated,5,1
HLA-A*24:02,SFELLHAP,145.70809944730274,1.4570809944730274,simulated,5,1
HLA-A*03:01,SFELLHAP,1716.5129488590278,17.165129488590278,simulated,5,1
HLA-A*11:01,SFELLHAP,119.14419787111848,1.1914419787111847,simulated,5,1
HLA-A*02:01,FELLHAPA,14.836474143640176,0.14836474143640177,simulated,6,1
HLA-A*01:01,FELLHAPA,21.152708180909087,0.21152708180909088,simulated,6,1
HLA-A*24:02,FELLHAPA,603.6669947882724,6.036669947882724,simulated,6,1
HLA-A*03:01,FELLHAPA,921.7719247931065,9.217719247931065,simulated,6,1
HLA-A*11:01,FELLHAPA,89.8570046197725,0.898570046197725,simulated,6,1
HLA-A*02:01,ELLHAPAT,1966.5533816087818,19.66553381608782,simulated,5,1
HLA-A*01:01,ELLHAPAT,19.763023562329007,0.19763023562329007,simulated,5,1
HLA-A*24:02,ELLHAPAT,480.43561430384295,4.804356143038429,simulated,5,1
HLA-A*03:01,ELLHAPAT,48.658203630517086,0.4865820363051709,simulated,5,1
HLA-A*11:01,ELLHAPAT,148.8859540538342,1.488859540538342,simulated,5,1
HLA-A*02:01,LLHAPATV,602.838999600755,6.02838999600755,simulated,6,0
HLA-A*01:01,LLHAPATV,98.10379873125902,0.9810379873125902,simulated,6,0
HLA-A*24:02,LLHAPATV,254.10351693459222,2.541035169345922,simulated,6,0
HLA-A*03:01,LLHAPATV,4102.855353035702,41.02855353035702,simulated,6,0
HLA-A*11:01,LLHAPATV,172.9615093425201,1.7296150934252008,simulated,6,0
HLA-A*02:01,LHAPATVC,2916.7843649611823,29.16784364961182,simulated,5,0
HLA-A*01:01,LHAPATVC,57.2506565290438,0.572506565290438,simulated,5,0
HLA-A*24:02,LHAPATVC,1582.0253548270393,15.820253548270394,simulated,5,0
HLA-A*03:01,LHAPATVC,9798.5535885031,97.985535885031,simulated,5,0
HLA-A*11:01,LHAPATVC,3.910103402053106,0.039101034020531056,simulated,5,0
HLA-A*02:01,HAPATVCG,111.39275711952413,1.1139275711952414,simulated,4,0
HLA-A*01:01,HAPATVCG,1738.8809859508156,17.388809859508157,simulated,4,0
HLA-A*24:02,HAPATVCG,365.31574972036054,3.6531574972036056,simulated,4,0
HLA-A*03:01,HAPATVCG,1151.8729701199584,11.518729701199584,simulated,4,0
HLA-A*11:01,HAPATVCG,163.83870635023453,1.6383870635023454,simulated,4,0
HLA-A*02:01,APATVCGP,1303.9841336233262,13.039841336233263,simulated,3,0
HLA-A*01:01,APATVCGP,803.2335586206312,8.032335586206312,simulated,3,0
HLA-A*24:02,APATVCGP,11334.020249229707,100.0,simulated,3,0
HLA-A*03:01,APATVCGP,1824.099439836409,18.24099439836409,simulated,3,0
HLA-A*11:01,APATVCGP,2154.265963117409,21.54265963117409,simulated,3,0
HLA-A*02:01,PATVCGPK,481.1822361824551,4.811822361824551,simulated,2,1
HLA-A*01:01,PATVCGPK,413.5537739575258,4.135537739575258,simulated,2,1
HLA-A*24:02,PATVCGPK,461.6853619632879,4.616853619632879,simulated,2,1
HLA-A*03:01,PATVCGPK,2413.6714361633217,24.136714361633217,simulated,2,1
HLA-A*11:01,PATVCGPK,472.4968302092646,4.724968302092646,simulated,2,1
HLA-A*02:01,ATVCGPKK,1957.7472203136958,19.57747220313696,simulated,2,2
HLA-A*01:01,ATVCGPKK,69619.61263020722,100.0,simulated,2,2
HLA-A*24:02,ATVCGPKK,6261.965590260727,62.61965590260727,simulated,2,2
HLA-A*03:01,ATVCGPKK,571.3219782959867,5.713219782959867,simulated,2,2
HLA-A*11:01,ATVCGPKK,12117.76509270143,100.0,simulated,2,2
HLA-A*02:01,TVCGPKKS,484.8546978344538,4.8485469783445385,simulated,1,2
HLA-A*01:01,TVCGPKKS,18.610965120831253,0.18610965120831252,simulated,1,2
HLA-A*24:02,TVCGPKKS,146.03223400050177,1.4603223400050178,simulated,1,2
HLA-A*03:01,TVCGPKKS,26.008311446278142,0.26008311446278143,simulated,1,2
HLA-A*11:01,TVCGPKKS,542.9260006497389,5.429260006497389,simulated,1,2
HLA-A*02:01,VCGPKKST,1137.782826247587,11.377828262475871,simulated,1,2
HLA-A*01:01,VCGPKKST,31347.024351874537,100.0,simulated,1,2
HLA-A*24:02,VCGPKKST,2108.7586747155483,21.087586747155484,simulated,1,2
HLA-A*03:01,VCGPKKST,707.5433801817696,7.075433801817696,simulated,1,2
HLA-A*11:01,VCGPKKST,5760.682074360724,57.606820743607244,simulated,1,2
HLA-A*02:01,CGPKKSTN,13.167206494545356,0.13167206494545355,simulated,0,2
HLA-A*01:01,CGPKKSTN,1756.7646270158145,17.567646270158146,simulated,0,2
HLA-A*24:02,CGPKKSTN,5124.203553699482,51.24203553699482,simulated,0,2
HLA-A*03:01,CGPKKSTN,56.98724714136785,0.5698724714136785,simulated,0,2
HLA-A*11:01,CGPKKSTN,10802.23230232741,100.0,simulated,0,2
HLA-A*02:01,GPKKSTNL,2158.12013741442,21.581201374144197,simulated,1,2
HLA-A*01:01,GPKKSTNL,477.9108324977342,4.779108324977342,simulated,1,2
HLA-A*24:02,GPKKSTNL,3887.663961588825,38.87663961588825,simulated,1,2
HLA-A*03:01,GPKKSTNL,102886.91131314516,100.0,simulated,1,2
HLA-A*11:01,GPKKSTNL,1577.714421590609,15.77714421590609,simulated,1,2
HLA-A*02:01,PKKSTNLV,1801.6193396587926,18.016193396587926,simulated,2,2
HLA-A*01:01,PKKSTNLV,437.58816299771473,4.3758816299771475,simulated,2,2
HLA-A*24:02,PKKSTNLV,200.39917673037633,2.0039917673037633,simulated,2,2
HLA-A*03:01,PKKSTNLV,5771.409630753984,57.71409630753984,simulated,2,2
HLA-A*11:01,PKKSTNLV,197.91395156580018,1.9791395156580018,simulated,2,2
HLA-A*02:01,KKSTNLVK,1898.078964852281,18.98078964852281,simulated,2,3
HLA-A*01:01,KKSTNLVK,632.7973410587615,6.327973410587615,simulated,2,3
HLA-A*24:02,KKSTNLVK,4287.352804620215,42.873528046202146,simulated,2,3
HLA-A*03:01,KKSTNLVK,3206.0320137131134,32.060320137131136,simulated,2,3
HLA-A*11:01,KKSTNLVK,13102.32529174376,100.0,simulated,2,3
HLA-A*02:01,KSTNLVKN,395.42739882969,3.9542739882969,simulated,2,2
HLA-A*01:01,KSTNLVKN,639.2209245296741,6.392209245296741,simulated,2,2
HLA-A*24:02,KSTNLVKN,154.85242528219678,1.5485242528219678,simulated,2,2
HLA-A*03:01,KSTNLVKN,450.97570994977235,4.509757099497723,simulated,2,2
HLA-A*11:01,KSTNLVKN,2332.2785474945895,23.322785474945896,simulated,2,2
HLA-A*02:01,STNLVKNK,4983.946037644025,49.83946037644025,simulated,2,2
HLA-A*01:01,STNLVKNK,173.41184142183135,1.7341184142183135,simulated,2,2
HLA-A*24:02,STNLVKNK,6242.973312165846,62.429733121658465,simulated,2,2
HLA-A*03:01,STNLVKNK,16502.641163763965,100.0,simulated,2,2
HLA-A*11:01,STNLVKNK,2507.069465643177,25.07069465643177,simulated,2,2
HLA-A*02:01,TNLVKNKC,46797.80715362168,100.0,simulated,2,2
HLA-A*01:01,TNLVKNKC,233.32249651575478,2.3332249651575476,simulated,2,2
HLA-A*24:02,TNLVKNKC,90.98463020240571,0.9098463020240571,simulated,2,2
HLA-A*03:01,TNLVKNKC,31.26688349697972,0.3126688349697972,simulated,2,2
HLA-A*11:01,TNLVKNKC,21852.893622219723,100.0,simulated,2,2
HLA-A*02:01,NLVKNKCV,4059.1599109830495,40.5915991098305,simulated,3,2
HLA-A*01:01,NLVKNKCV,981.2533255428102,9.812533255428102,simulated,3,2
HLA-A*24:02,NLVKNKCV,1919.7250519146564,19.197250519146564,simulated,3,2
HLA-A*03:01,NLVKNKCV,115.47128743295406,1.1547128743295405,simulated,3,2
HLA-A*11:01,NLVKNKCV,146020.74202055988,100.0,simulated,3,2
HLA-A*02:01,LVKNKCVN,1420.042903612439,14.20042903612439,simulated,3,2
HLA-A*01:01,LVKNKCVN,1364.8360482183516,13.648360482183516,simulated,3,2
HLA-A*24:02,LVKNKCVN,4682.24627849028,46.8224627849028,simulated,3,2
HLA-A*03:01,LVKNKCVN,2869.859817469365,28.698598174693654,simulated,3,2
HLA-A*11:01,LVKNKCVN,1716.0287750050263,17.160287750050262,simulated,3,2
HLA-A*02:01,VKNKCVNF,225.6648850049492,2.2566488500494923,simulated,3,2
HLA-A*01:01,VKNKCVNF,2815.617041577607,28.156170415776067,simulated,3,2
HLA-A*24:02,VKNKCVNF,47289.756802916745,100.0,simulated,3,2
HLA-A*03:01,VKNKCVNF,16168.821892495565,100.0,simulated,3,2
HLA-A*11:01,VKNKCVNF,26539.069667025833,100.0,simulated,3,2
HLA-A*02:01,KNKCVNFN,394.48008095588773,3.944800809558877,simulated,2,2
HLA-A*01:01,KNKCVNFN,151.5310204571833,1.515310204571833,simulated,2,2
HLA-A*24:02,KNKCVNFN,852.7156676986762,8.527156676986761,simulated,2,2
HLA-A*03:01,KNKCVNFN,1225.923632486155,12.259236324861549,simulated,2,2
HLA-A*11:01,KNKCVNFN,9782.81972527656,97.8281972527656,simulated,2,2
HLA-A*02:01,NKCVNFNF,37.15397412600609,0.3715397412600609,simulated,3,1
HLA-A*01:01,NKCVNFNF,23367.481115901086,100.0,simulated,3,1
HLA-A*24:02,NKCVNFNF,799.4981376212949,7.994981376212949,simulated,3,1
HLA-A*03:01,NKCVNFNF,466.9573192882208,4.669573192882208,simulated,3,1
HLA-A*11:01,NKCVNFNF,144.8634029045787,1.4486340290457869,simulated,3,1
HLA-A*02:01,KCVNFNFN,40.05632770912269,0.4005632770912269,simulated,3,1
HLA-A*01:01,KCVNFNFN,5689.292440168343,56.89292440168343,simulated,3,1
HLA-A*24:02,KCVNFNFN,1269.8269805404893,12.698269805404893,simulated,3,1
HLA-A*03:01,KCVNFNFN,83.10278378498056,0.8310278378498056,simulated,3,1
HLA-A*11:01,KCVNFNFN,82.25650345429277,0.8225650345429277,simulated,3,1
HLA-A*02:01,CVNFNFNG,560.276606197603,5.6027660619760296,simulated,3,0
HLA-A*01:01,CVNFNFNG,30885.529449068796,100.0,simulated,3,0
HLA-A*24:02,CVNFNFNG,652.5040181569242,6.525040181569242,simulated,3,0
HLA-A*03:01,CVNFNFNG,54.25602758269968,0.5425602758269968,simulated,3,0
HLA-A*11:01,CVNFNFNG,670.8287389480829,6.708287389480829,simulated,3,0
HLA-A*02:01,VNFNFNGL,317.79473277626886,3.1779473277626886,simulated,4,0
HLA-A*01:01,VNFNFNGL,2.4919848801640767,0.024919848801640766,simulated,4,0
HLA-A*24:02,VNFNFNGL,491.89392143404035,4.918939214340403,simulated,4,0
HLA-A*03:01,VNFNFNGL,345.49693052770857,3.4549693052770856,simulated,4,0
HLA-A*11:01,VNFNFNGL,2206.7266641096708,22.067266641096708,simulated,4,0
HLA-A*02:01,NFNFNGLT,44263.34513280762,100.0,simulated,3,0
HLA-A*01:01,NFNFNGLT,10437.183643505632,100.0,simulated,3,0
HLA-A*24:02,NFNFNGLT,640.4830254079837,6.404830254079838,simulated,3,0
HLA-A*03:01,NFNFNGLT,119.93479049240788,1.199347904924079,simulated,3,0
HLA-A*11:01,NFNFNGLT,188474.80312285305,100.0,simulated,3,0
HLA-A*02:01,FNFNGLTG,1234.519208035831,12.345192080358311,simulated,3,0
HLA-A*01:01,FNFNGLTG,1127.613333481932,11.276133334819319,simulated,3,0
HLA-A*24:02,FNFNGLTG,1044.9766564039633,10.449766564039633,simulated,3,0
HLA-A*03:01,FNFNGLTG,1629.7298136032161,16.29729813603216,simulated,3,0
HLA-A*11:01,FNFNGLTG,821.6209654765211,8.21620965476521,simulated,3,0
HLA-A*02:01,NFNGLTGT,348.1648192682534,3.481648192682534,simulated,2,0
HLA-A*01:01,NFNGLTGT,367.3378943466028,3.673378943466028,simulated,2,0
HLA-A*24:02,NFNGLTGT,1027.0988531369228,10.270988531369229,simulated,2,0
HLA-A*03:01,NFNGLTGT,369.86958026580703,3.6986958026580705,simulated,2,0
HLA-A*11:01,NFNGLTGT,263.56721863828335,2.6356721863828336,simulated,2,0
HLA-A*02:01,FNGLTGTG,1356.767695446245,13.56767695446245,simulated,2,0
HLA-A*01:01,FNGLTGTG,658.5533696201209,6.5855336962012085,simulated,2,0
HLA-A*24:02,FNGLTGTG,22203.072899225128,100.0,simulated,2,0
HLA-A*03:01,FNGLTGTG,5.463340321631414,0.05463340321631414,simulated,2,0
HLA-A*11:01,FNGLTGTG,9730.433273555696,97.30433273555697,simulated,2,0
HLA-A*02:01,NGLTGTGV,13255.53374018291,100.0,simulated,2,0
HLA-A*01:01,NGLTGTGV,17.343530156128697,0.17343530156128698,simulated,2,0
HLA-A*24:02,NGLTGTGV,552.5946947062697,5.525946947062697,simulated,2,0
HLA-A*03:01,NGLTGTGV,521.7133337685941,5.217133337685941,simulated,2,0
HLA-A*11:01,NGLTGTGV,65.69196440079503,0.6569196440079503,simulated,2,0
HLA-A*02:01,GLTGTGVL,231.45063818744728,2.3145063818744727,simulated,3,0
HLA-A*01:01,GLTGTGVL,118.96725760415981,1.189672576041598,simulated,3,0
HLA-A*24:02,GLTGTGVL,36480.78223658608,100.0,simulated,3,0
HLA-A*03:01,GLTGTGVL,7124.9414409919045,71.24941440991904,simulated,3,0
HLA-A*11:01,GLTGTGVL,13948.261976485068,100.0,simulated,3,0
HLA-A*02:01,LTGTGVLT,4644.059375167346,46.44059375167346,simulated,3,0
HLA-A*01:01,LTGTGVLT,114.65142720207874,1.1465142720207873,simulated,3,0
HLA-A*24:02,LTGTGVLT,384.12171458900855,3.8412171458900857,simulated,3,0
HLA-A*03:01,LTGTGVLT,2918.278371139891,29.182783711398912,simulated,3,0
HLA-A*11:01,LTGTGVLT,95.17757736890525,0.9517757736890524,simulated,3,0
HLA-A*02:01,TGTGVLTE,4564.192373746052,45.64192373746052,simulated,2,1
HLA-A*01:01,TGTGVLTE,678.1369126959303,6.781369126959302,simulated,2,1
HLA-A*24:02,TGTGVLTE,518.1985059138169,5.181985059138169,simulated,2,1
HLA-A*03:01,TGTGVLTE,4545.622388530905,45.45622388530904,simulated,2,1
HLA-A*11:01,TGTGVLTE,2666.512247079764,26.66512247079764,simulated,2,1
HLA-A*02:01,GTGVLTES,532.7582030190064,5.327582030190063,simulated,2,1
HLA-A*01:01,GTGVLTES,11144.03444915335,100.0,simulated,2,1
HLA-A*24:02,GTGVLTES,126.20068081210466,1.2620068081210467,simulated,2,1
HLA-A*03:01,GTGVLTES,3758.860808026365,37.58860808026365,simulated,2,1
HLA-A*11:01,GTGVLTES,3591.059329953181,35.91059329953181,simulated,2,1
HLA-A*02:01,TGVLTESN,590.4630864801056,5.904630864801057,simulated,2,1
HLA-A*01:01,TGVLTESN,2105.4111432106147,21.054111432106147,simulated,2,1
HLA-A*24:02,TGVLTESN,89.81687248341063,0.8981687248341064,simulated,2,1
HLA-A*03:01,TGVLTESN,6960.83027371259,69.6083027371259,simulated,2,1
HLA-A*11:01,TGVLTESN,757.6304449511703,7.576304449511703,simulated,2,1
HLA-A*02:01,GVLTESNK,385.50492130842855,3.8550492130842855,simulated,2,2
HLA-A*01:01,GVLTESNK,8937.564928237514,89.37564928237515,simulated,2,2
HLA-A*24:02,GVLTESNK,268.08728530312356,2.680872853031236,simulated,2,2
HLA-A*03:01,GVLTESNK,65.56732040539032,0.6556732040539032,simulated,2,2
HLA-A*11:01,GVLTESNK,48.751777238426264,0.48751777238426264,simulated,2,2
HLA-A*02:01,VLTESNKK,5527.467377166269,55.27467377166269,simulated,2,3
HLA-A*01:01,VLTESNKK,127.05326438198074,1.2705326438198075,simulated,2,3
HLA-A*24:02,VLTESNKK,54998.07546609771,100.0,simulated,2,3
HLA-A*03:01,VLTESNKK,25.574769327405274,0.2557476932740527,simulated,2,3
HLA-A*11:01,VLTESNKK,48941.34624494177,100.0,simulated,2,3
HLA-A*02:01,LTESNKKF,2508.650009245867,25.086500092458667,simulated,2,3
HLA-A*01:01,LTESNKKF,1355.6534722010945,13.556534722010944,simulated,2,3
HLA-A*24:02,LTESNKKF,553.1487399309046,5.5314873993090465,simulated,2,3
HLA-A*03:01,LTESNKKF,3654.583224480929,36.54583224480929,simulated,2,3
HLA-A*11:01,LTESNKKF,1525.6803233865312,15.256803233865313,simulated,2,3
HLA-A*02:01,TESNKKFL,14944.055467338045,100.0,simulated,2,3
HLA-A*01:01,TESNKKFL,2067.13817478438,20.671381747843803,simulated,2,3
HLA-A*24:02,TESNKKFL,2221.790388256924,22.21790388256924,simulated,2,3
HLA-A*03:01,TESNKKFL,794.9193664652038,7.949193664652038,simulated,2,3
HLA-A*11:01,TESNKKFL,1467.879117366943,14.678791173669431,simulated,2,3
HLA-A*02:01,ESNKKFLP,3044.429011745131,30.44429011745131,simulated,2,3
HLA-A*01:01,ESNKKFLP,53.792191799413914,0.5379219179941391,simulated,2,3
HLA-A*24:02,ESNKKFLP,110.95162149263575,1.1095162149263575,simulated,2,3
HLA-A*03:01,ESNKKFLP,7273.502988973267,72.73502988973267,simulated,2,3
HLA-A*11:01,ESNKKFLP,2315.0718074218476,23.150718074218474,simulated,2,3
HLA-A*02:01,SNKKFLPF,759.0239467511069,7.590239467511069,simulated,3,2
HLA-A*01:01,SNKKFLPF,1137.8182206637325,11.378182206637325,simulated,3,2
HLA-A*24:02,SNKKFLPF,2197.6929075746148,21.97692907574615,simulated,3,2
HLA-A*03:01,SNKKFLPF,372.5907526350125,3.725907526350125,simulated,3,2
HLA-A*11:01,SNKKFLPF,231.22483507999542,2.3122483507999543,simulated,3,2
HLA-A*02:01,NKKFLPFQ,1622.4465583539193,16.224465583539192,simulated,3,2
HLA-A*01:01,NKKFLPFQ,154.97354807422454,1.5497354807422454,simulated,3,2
HLA-A*24:02,NKKFLPFQ,2481.219647038136,24.81219647038136,simulated,3,2
HLA-A*03:01,NKKFLPFQ,36.409611483232204,0.36409611483232207,simulated,3,2
HLA-A*11:01,NKKFLPFQ,8589.632868436676,85.89632868436676,simulated,3,2
HLA-A*02:01,KKFLPFQQ,2821.9825951240823,28.21982595124082,simulated,3,2
HLA-A*01:01,KKFLPFQQ,1829.9784478367937,18.299784478367936,simulated,3,2
HLA-A*24:02,KKFLPFQQ,7827.370962303252,78.27370962303252,simulated,3,2
HLA-A*03:01,KKFLPFQQ,30667.19786583788,100.0,simulated,3,2
HLA-A*11:01,KKFLPFQQ,8339.346458867947,83.39346458867948,simulated,3,2
HLA-A*02:01,KFLPFQQF,13.8060148621046,0.138060148621046,simulated,4,1
HLA-A*01:01,KFLPFQQF,42.42334863258179,0.4242334863258179,simulated,4,1
HLA-A*24:02,KFLPFQQF,157.1523416789711,1.5715234167897112,simulated,4,1
HLA-A*03:01,KFLPFQQF,577.6885715169849,5.776885715169849,simulated,4,1
HLA-A*11:01,KFLPFQQF,1544.0604175833435,15.440604175833435,simulated,4,1
HLA-A*02:01,FLPFQQFG,128.4275835234308,1.284275835234308,simulated,4,0
HLA-A*01:01,FLPFQQFG,796.6268280650861,7.966268280650861,simulated,4,0
HLA-A*24:02,FLPFQQFG,121.03587082149387,1.2103587082149387,simulated,4,0
HLA-A*03:01,FLPFQQFG,161.38893763904264,1.6138893763904263,simulated,4,0
HLA-A*11:01,FLPFQQFG,32.9019072015659,0.329019072015659,simulated,4,0
HLA-A*02:01,LPFQQFGR,173.04185606007562,1.7304185606007563,simulated,3,1
HLA-A*01:01,LPFQQFGR,73.45190136213931,0.734519013621393,simulated,3,1
HLA-A*24:02,LPFQQFGR,155.75020814097704,1.5575020814097704,simulated,3,1
HLA-A*03:01,LPFQQFGR,9020.757532842694,90.20757532842694,simulated,3,1
HLA-A*11:01,LPFQQFGR,164.21921668157765,1.6421921668157764,simulated,3,1
HLA-A*02:01,PFQQFGRD,212089.60504751262,100.0,simulated,2,2
HLA-A*01:01,PFQQFGRD,2941.3848938777655,29.413848938777654,simulated,2,2
HLA-A*24:02,PFQQFGRD,1587.1135171918338,15.871135171918338,simulated,2,2
HLA-A*03:01,PFQQFGRD,197.01590068888908,1.9701590068888908,simulated,2,2
HLA-A*11:01,PFQQFGRD,4449.823710768736,44.498237107687366,simulated,2,2
HLA-A*02:01,FQQFGRDI,346.79171248697054,3.4679171248697056,simulated,3,2
HLA-A*01:01,FQQFGRDI,1399.7089894119297,13.997089894119297,simulated,3,2
HLA-A*24:02,FQQFGRDI,183536.54400454598,100.0,simulated,3,2
HLA-A*03:01,FQQFGRDI,904.9504588059837,9.049504588059836,simulated,3,2
HLA-A*11:01,FQQFGRDI,10922.134012224911,100.0,simulated,3,2
HLA-A*02:01,QQFGRDIA,268.7138744480601,2.6871387444806007,simulated,3,2
HLA-A*01:01,QQFGRDIA,1022.517516688665,10.22517516688665,simulated,3,2
HLA-A*24:02,QQFGRDIA,37858.13909451713,100.0,simulated,3,2
HLA-A*03:01,QQFGRDIA,312.95702613614424,3.1295702613614425,simulated,3,2
HLA-A*11:01,QQFGRDIA,41146.62213056432,100.0,simulated,3,2
HLA-A*02:01,QFGRDIAD,6774.8261101440785,67.74826110144079,simulated,3,3
HLA-A*01:01,QFGRDIAD,534.0724779880873,5.340724779880873,simulated,3,3
HLA-A*24:02,QFGRDIAD,5827.134133700428,58.27134133700428,simulated,3,3
HLA-A*03:01,QFGRDIAD,11505.425749161615,100.0,simulated,3,3
HLA-A*11:01,QFGRDIAD,5704.924524754866,57.04924524754866,simulated,3,3
HLA-A*02:01,FGRDIADT,71.16603501738535,0.7116603501738535,simulated,3,3
HLA-A*01:01,FGRDIADT,384.2105679981715,3.842105679981715,simulated,3,3
HLA-A*24:02,FGRDIADT,1002.6761324898252,10.026761324898253,simulated,3,3
HLA-A*03:01,FGRDIADT,1417.426595679652,14.174265956796521,simulated,3,3
HLA-A*11:01,FGRDIADT,5691.956422213545,56.91956422213545,simulated,3,3
HLA-A*02:01,GRDIADTT,2346.938777246731,23.46938777246731,simulated,2,3
HLA-A*01:01,GRDIADTT,113.83800063497814,1.1383800063497815,simulated,2,3
HLA-A*24:02,GRDIADTT,3518.749008529309,35.18749008529309,simulated,2,3
HLA-A*03:01,GRDIADTT,5578.284655327156,55.782846553271554,simulated,2,3
HLA-A*11:01,GRDIADTT,5039.418633773342,50.394186337733416,simulated,2,3
HLA-A*02:01,RDIADTTD,14285.874905224264,100.0,simulated,2,4
HLA-A*01:01,RDIADTTD,8719.432349118844,87.19432349118844,simulated,2,4
HLA-A*24:02,RDIADTTD,4120.893412645689,41.20893412645689,simulated,2,4
HLA-A*03:01,RDIADTTD,1429.5767282251616,14.295767282251616,simulated,2,4
HLA-A*11:01,RDIADTTD,59.3554082196118,0.593554082196118,simulated,2,4
HLA-A*02:01,DIADTTDA,3884.31351733379,38.8431351733379,simulated,3,3
HLA-A*01:01,DIADTTDA,2491.9990094975883,24.919990094975883,simulated,3,3
HLA-A*24:02,DIADTTDA,2831.6724349502406,28.316724349502405,simulated,3,3
HLA-A*03:01,DIADTTDA,127.99202489459161,1.279920248945916,simulated,3,3
HLA-A*11:01,DIADTTDA,189.30359088021316,1.8930359088021316,simulated,3,3
HLA-A*02:01,IADTTDAV,4505.970283540197,45.059702835401964,simulated,4,2
HLA-A*01:01,IADTTDAV,506.61052429835183,5.066105242983518,simulated,4,2
HLA-A*24:02,IADTTDAV,2142.76903714619,21.4276903714619,simulated,4,2
HLA-A*03:01,IADTTDAV,580.2677132989257,5.802677132989257,simulated,4,2
HLA-A*11:01,IADTTDAV,581.938689937003,5.81938689937003,simulated,4,2
HLA-A*02:01,ADTTDAVR,10743.247751408358,100.0,simulated,3,3
HLA-A*01:01,ADTTDAVR,586.0327361028378,5.860327361028379,simulated,3,3
HLA-A*24:02,ADTTDAVR,1993.618607147088,19.93618607147088,simulated,3,3
HLA-A*03:01,ADTTDAVR,652.5674664422208,6.525674664422208,simulated,3,3
HLA-A*11:01,ADTTDAVR,689.8489449369672,6.898489449369672,simulated,3,3
HLA-A*02:01,DTTDAVRD,886.3579370437133,8.863579370437133,simulated,2,4
HLA-A*01:01,DTTDAVRD,2565.04846297972,25.6504846297972,simulated,2,4
HLA-A*24:02,DTTDAVRD,631.4178617108719,6.314178617108719,simulated,2,4
HLA-A*03:01,DTTDAVRD,20271.62409359186,100.0,simulated,2,4
HLA-A*11:01,DTTDAVRD,274.85687390923533,2.748568739092353,simulated,2,4
HLA-A*02:01,TTDAVRDP,1131.9779952911395,11.319779952911395,simulated,2,3
HLA-A*01:01,TTDAVRDP,682.6641367554681,6.826641367554681,simulated,2,3
HLA-A*24:02,TTDAVRDP,29715.40498893663,100.0,simulated,2,3
HLA-A*03:01,TTDAVRDP,2437.125770737712,24.371257707377122,simulated,2,3
HLA-A*11:01,TTDAVRDP,12953.925997928885,100.0,simulated,2,3
HLA-A*02:01,TDAVRDPQ,84.29683855860851,0.8429683855860851,simulated,2,3
HLA-A*01:01,TDAVRDPQ,2806.141367552039,28.061413675520388,simulated,2,3
HLA-A*24:02,TDAVRDPQ,9747.115746486015,97.47115746486016,simulated,2,3
HLA-A*03:01,TDAVRDPQ,1939.2044422934546,19.392044422934546,simulated,2,3
HLA-A*11:01,TDAVRDPQ,13855.338079173182,100.0,simulated,2,3
HLA-A*02:01,DAVRDPQT,584.5768241270224,5.845768241270224,simulated,2,3
HLA-A*01:01,DAVRDPQT,27561.08211921733,100.0,simulated,2,3
HLA-A*24:02,DAVRDPQT,163286.45913561457,100.0,simulated,2,3
HLA-A*03:01,DAVRDPQT,796.1503000900187,7.961503000900187,simulated,2,3
HLA-A*11:01,DAVRDPQT,674.8294992803387,6.7482949928033875,simulated,2,3
HLA-A*02:01,AVRDPQTL,20065.735827829307,100.0,simulated,3,2
HLA-A*01:01,AVRDPQTL,25826.187912075624,100.0,simulated,3,2
HLA-A*24:02,AVRDPQTL,385.3993023160979,3.853993023160979,simulated,3,2
HLA-A*03:01,AVRDPQTL,473.25121896051706,4.7325121896051705,simulated,3,2
HLA-A*11:01,AVRDPQTL,624.175002815029,6.24175002815029,simulated,3,2
HLA-A*02:01,VRDPQTLE,111.78351354631783,1.1178351354631784,simulated,2,3
HLA-A*01:01,VRDPQTLE,261.9519827818511,2.619519827818511,simulated,2,3
HLA-A*24:02,VRDPQTLE,220.78371885269206,2.207837188526921,simulated,2,3
HLA-A*03:01,VRDPQTLE,354.2029230656871,3.5420292306568713,simulated,2,3
HLA-A*11:01,VRDPQTLE,1534.7078763362683,15.347078763362683,simulated,2,3
HLA-A*02:01,RDPQTLEI,2627.7797659482194,26.277797659482193,simulated,2,3
HLA-A*01:01,RDPQTLEI,36551.08293985219,100.0,simulated,2,3
HLA-A*24:02,RDPQTLEI,223.35379225442267,2.233537922544227,simulated,2,3
HLA-A*03:01,RDPQTLEI,11779.428069625123,100.0,simulated,2,3
HLA-A*11:01,RDPQTLEI,1072.2209384087932,10.722209384087932,simulated,2,3
HLA-A*02:01,DPQTLEIL,993.3395812843509,9.933395812843509,simulated,3,2
HLA-A*01:01,DPQTLEIL,4228.653857240609,42.28653857240609,simulated,3,2
HLA-A*24:02,DPQTLEIL,116.11208294343177,1.1611208294343178,simulated,3,2
HLA-A*03:01,DPQTLEIL,2356.2331320713843,23.56233132071384,simulated,3,2
HLA-A*11:01,DPQTLEIL,1529.8185558802998,15.298185558802997,simulated,3,2
HLA-A*02:01,PQTLEILD,2936.2910844241987,29.362910844241988,simulated,3,2
HLA-A*01:01,PQTLEILD,1955.3750350671132,19.553750350671134,simulated,3,2
HLA-A*24:02,PQTLEILD,148835.9958651067,100.0,simulated,3,2
HLA-A*03:01,PQTLEILD,306.28622221872183,3.0628622221872184,simulated,3,2
HLA-A*11:01,PQTLEILD,379.17812822898895,3.7917812822898895,simulated,3,2
HLA-A*02:01,QTLEILDI,157.68064708000662,1.5768064708000662,simulated,4,2
HLA-A*01:01,QTLEILDI,180.53029104546135,1.8053029104546134,simulated,4,2
HLA-A*24:02,QTLEILDI,153.25122447403132,1.5325122447403132,simulated,4,2
HLA-A*03:01,QTLEILDI,5912.865692663724,59.12865692663724,simulated,4,2
HLA-A*11:01,QTLEILDI,9394.327375639841,93.94327375639841,simulated,4,2
HLA-A*02:01,TLEILDIT,175.1005240136759,1.751005240136759,simulated,4,2
HLA-A*01:01,TLEILDIT,103.76634337715447,1.0376634337715447,simulated,4,2
HLA-A*24:02,TLEILDIT,1407.6598619478814,14.076598619478814,simulated,4,2
HLA-A*03:01,TLEILDIT,181.70904079489935,1.8170904079489936,simulated,4,2
HLA-A*11:01,TLEILDIT,1944.4150298418872,19.444150298418872,simulated,4,2
HLA-A*02:01,LEILDITP,822.7882368118644,8.227882368118644,simulated,4,2
HLA-A*01:01,LEILDITP,26.452868159182998,0.26452868159182996,simulated,4,2
HLA-A*24:02,LEILDITP,12110.925064377632,100.0,simulated,4,2
HLA-A*03:01,LEILDITP,19902.649959302067,100.0,simulated,4,2
HLA-A*11:01,LEILDITP,160.9792441693951,1.6097924416939509,simulated,4,2
HLA-A*02:01,EILDITPC,505.0194180539173,5.050194180539173,simulated,3,2
HLA-A*01:01,EILDITPC,1942.499415711643,19.42499415711643,simulated,3,2
HLA-A*24:02,EILDITPC,2140.754422939102,21.407544229391018,simulated,3,2
HLA-A*03:01,EILDITPC,4093.2254030226677,40.93225403022668,simulated,3,2
HLA-A*11:01,EILDITPC,61108.67268344378,100.0,simulated,3,2
HLA-A*02:01,ILDITPCS,769.7806044884481,7.697806044884482,simulated,3,1
HLA-A*01:01,ILDITPCS,222.16170351264887,2.2216170351264886,simulated,3,1
HLA-A*24:02,ILDITPCS,69.5024180443772,0.6950241804437719,simulated,3,1
HLA-A*03:01,ILDITPCS,254.20471834170678,2.542047183417068,simulated,3,1
HLA-A*11:01,ILDITPCS,1026.3314807992483,10.263314807992483,simulated,3,1
HLA-A*02:01,LDITPCSF,39700.36763800592,100.0,simulated,3,1
HLA-A*01:01,LDITPCSF,389.4663239681575,3.894663239681575,simulated,3,1
HLA-A*24:02,LDITPCSF,1715.6990798504635,17.156990798504633,simulated,3,1
HLA-A*03:01,LDITPCSF,1061.1984990301369,10.61198499030137,simulated,3,1
HLA-A*11:01,LDITPCSF,11810.999613595124,100.0,simulated,3,1
HLA-A*02:01,DITPCSFG,171761.96137205965,100.0,simulated,2,1
HLA-A*01:01,DITPCSFG,379.2753483738062,3.792753483738062,simulated,2,1
HLA-A*24:02,DITPCSFG,412.0402814020161,4.120402814020161,simulated,2,1
HLA-A*03:01,DITPCSFG,8851.318891070683,88.51318891070683,simulated,2,1
HLA-A*11:01,DITPCSFG,4288.888893760723,42.88888893760723,simulated,2,1
HLA-A*02:01,ITPCSFGG,44064.716043336426,100.0,simulated,2,0
HLA-A*01:01,ITPCSFGG,3525.7778961249296,35.257778961249294,simulated,2,0
HLA-A*24:02,ITPCSFGG,534.5449469047577,5.345449469047577,simulated,2,0
HLA-A*03:01,ITPCSFGG,3573.5317139690314,35.735317139690316,simulated,2,0
HLA-A*11:01,ITPCSFGG,10070.91817867085,100.0,simulated,2,0
HLA-A*02:01,TPCSFGGV,5658.784312752681,56.58784312752681,simulated,2,0
HLA-A*01:01,TPCSFGGV,3024.6421387120918,30.246421387120918,simulated,2,0
HLA-A*24:02,TPCSFGGV,9258.981933211106,92.58981933211106,simulated,2,0
HLA-A*03:01,TPCSFGGV,11368.380960731774,100.0,simulated,2,0
HLA-A*11:01,TPCSFGGV,17401.609520016988,100.0,simulated,2,0
HLA-A*02:01,PCSFGGVS,4013.5032814696615,40.135032814696615,simulated,2,0
HLA-A*01:01,PCSFGGVS,785.0628979630566,7.8506289796305655,simulated,2,0
HLA-A*24:02,PCSFGGVS,1470.6023722334257,14.706023722334258,simulated,2,0
HLA-A*03:01,PCSFGGVS,12246.77520832203,100.0,simulated,2,0
HLA-A*11:01,PCSFGGVS,214.03266809600152,2.140326680960015,simulated,2,0
HLA-A*02:01,CSFGGVSV,2292.381741263103,22.923817412631028,simulated,3,0
HLA-A*01:01,CSFGGVSV,499.35755155544047,4.993575515554404,simulated,3,0
HLA-A*24:02,CSFGGVSV,1161.5256620686102,11.615256620686102,simulated,3,0
HLA-A*03:01,CSFGGVSV,14141.990850841883,100.0,simulated,3,0
HLA-A*11:01,CSFGGVSV,1607.1185532485874,16.071185532485874,simulated,3,0
HLA-A*02:01,SFGGVSVI,601.6801042315653,6.016801042315653,simulated,4,0
HLA-A*01:01,SFGGVSVI,36.13061393776183,0.3613061393776183,simulated,4,0
HLA-A*24:02,SFGGVSVI,2439.040373780606,24.39040373780606,simulated,4,0
HLA-A*03:01,SFGGVSVI,1993.8469288892582,19.93846928889258,simulated,4,0
HLA-A*11:01,SFGGVSVI,41496.41288807321,100.0,simulated,4,0
HLA-A*02:01,FGGVSVIT,296.27745093308823,2.9627745093308824,simulated,4,0
HLA-A*01:01,FGGVSVIT,849.9295594099466,8.499295594099467,simulated,4,0
HLA-A*24:02,FGGVSVIT,902.9075677315232,9.029075677315232,simulated,4,0
HLA-A*03:01,FGGVSVIT,12858.487510865907,100.0,simulated,4,0
HLA-A*11:01,FGGVSVIT,453.16747296949353,4.531674729694935,simulated,4,0
HLA-A*02:01,GGVSVITP,1916.0921484227465,19.160921484227465,simulated,3,0
HLA-A*01:01,GGVSVITP,3698.9083680296876,36.98908368029688,simulated,3,0
HLA-A*24:02,GGVSVITP,1592.7514100878725,15.927514100878724,simulated,3,0
HLA-A*03:01,GGVSVITP,449.049340248135,4.49049340248135,simulated,3,0
HLA-A*11:01,GGVSVITP,1616.7609057752638,16.16760905775264,simulated,3,0
HLA-A*02:01,GVSVITPG,9388.712977596539,93.88712977596539,simulated,3,0
HLA-A*01:01,GVSVITPG,140.74776690046477,1.4074776690046478,simulated,3,0
HLA-A*24:02,GVSVITPG,1430.728949536605,14.30728949536605,simulated,3,0
HLA-A*03:01,GVSVITPG,270.36107222001147,2.7036107222001147,simulated,3,0
HLA-A*11:01,GVSVITPG,11969.21550350157,100.0,simulated,3,0
HLA-A*02:01,VSVITPGT,52.1240362340003,0.521240362340003,simulated,3,0
HLA-A*01:01,VSVITPGT,358.5816201719243,3.5858162017192434,simulated,3,0
HLA-A*24:02,VSVITPGT,2331.865220494978,23.31865220494978,simulated,3,0
HLA-A*03:01,VSVITPGT,25110.668093508833,100.0,simulated,3,0
HLA-A*11:01,VSVITPGT,961.5047236930238,9.615047236930238,simulated,3,0
HLA-A*02:01,SVITPGTN,361.2610931416085,3.6126109314160852,simulated,2,0
HLA-A*01:01,SVITPGTN,47207.78709920632,100.0,simulated,2,0
HLA-A*24:02,SVITPGTN,60.580447904030706,0.6058044790403071,simulated,2,0
HLA-A*03:01,SVITPGTN,13.495929031688808,0.13495929031688808,simulated,2,0
HLA-A*11:01,SVITPGTN,2643.9489690056457,26.439489690056458,simulated,2,0
HLA-A*02:01,VITPGTNT,401.77472713847595,4.01774727138476,simulated,2,0
HLA-A*01:01,VITPGTNT,142.24264483130543,1.4224264483130542,simulated,2,0
HLA-A*24:02,VITPGTNT,4522.01465926606,45.220146592660605,simulated,2,0
HLA-A*03:01,VITPGTNT,1785.7636673029906,17.857636673029905,simulated,2,0
HLA-A*11:01,VITPGTNT,354.90237034033095,3.5490237034033094,simulated,2,0
HLA-A*02:01,ITPGTNTS,84.72334662174549,0.8472334662174549,simulated,1,0
HLA-A*01:01,ITPGTNTS,6278.6775530362,62.786775530362,simulated,1,0
HLA-A*24:02,ITPGTNTS,4025.4917484471257,40.25491748447126,simulated,1,0
HLA-A*03:01,ITPGTNTS,899.3284089047329,8.993284089047329,simulated,1,0
HLA-A*11:01,ITPGTNTS,44058.5183637328,100.0,simulated,1,0
HLA-A*02:01,TPGTNTSN,129.00233014624163,1.2900233014624163,simulated,0,0
HLA-A*01:01,TPGTNTSN,51.88084558356518,0.5188084558356518,simulated,0,0
HLA-A*24:02,TPGTNTSN,274.8385571143004,2.748385571143004,simulated,0,0
HLA-A*03:01,TPGTNTSN,1001.0732638427406,10.010732638427406,simulated,0,0
HLA-A*11:01,TPGTNTSN,1784.1170083786697,17.841170083786697,simulated,0,0
HLA-A*02:01,PGTNTSNQ,676.9029328602476,6.769029328602476,simulated,0,0
HLA-A*01:01,PGTNTSNQ,2217.4447380270744,22.174447380270745,simulated,0,0
HLA-A*24:02,PGTNTSNQ,89.7404084140655,0.897404084140655,simulated,0,0
HLA-A*03:01,PGTNTSNQ,19683.366306666812,100.0,simulated,0,0
HLA-A*11:01,PGTNTSNQ,930.4772654945799,9.304772654945799,simulated,0,0
HLA-A*02:01,GTNTSNQV,10245.477453771033,100.0,simulated,1,0
HLA-A*01:01,GTNTSNQV,2176.450663141483,21.76450663141483,simulated,1,0
HLA-A*24:02,GTNTSNQV,2733.9601413692717,27.339601413692716,simulated,1,0
HLA-A*03:01,GTNTSNQV,3427.322285400632,34.27322285400632,simulated,1,0
HLA-A*11:01,GTNTSNQV,2684.949289130006,26.84949289130006,simulated,1,0
HLA-A*02:01,TNTSNQVA,3965.731156571568,39.65731156571568,simulated,2,0
HLA-A*01:01,TNTSNQVA,15651.234274910677,100.0,simulated,2,0
HLA-A*24:02,TNTSNQVA,1624.6413121311323,16.246413121311324,simulated,2,0
HLA-A*03:01,TNTSNQVA,4527.872743679514,45.278727436795144,simulated,2,0
HLA-A*11:01,TNTSNQVA,916.4693382225241,9.164693382225241,simulated,2,0
HLA-A*02:01,NTSNQVAV,19540.30297595328,100.0,simulated,3,0
HLA-A*01:01,NTSNQVAV,283.50092781583896,2.8350092781583895,simulated,3,0
HLA-A*24:02,NTSNQVAV,40210.396711014764,100.0,simulated,3,0
HLA-A*03:01,NTSNQVAV,1012.0002518503004,10.120002518503004,simulated,3,0
HLA-A*11:01,NTSNQVAV,62.70553967214555,0.6270553967214555,simulated,3,0
HLA-A*02:01,TSNQVAVL,708.4373643765857,7.084373643765857,simulated,4,0
HLA-A*01:01,TSNQVAVL,140.4356679408277,1.404356679408277,simulated,4,0
HLA-A*24:02,TSNQVAVL,2945.8124058564836,29.458124058564835,simulated,4,0
HLA-A*03:01,TSNQVAVL,148.65153279619935,1.4865153279619934,simulated,4,0
HLA-A*11:01,TSNQVAVL,224.63704199882903,2.24637041998829,simulated,4,0
HLA-A*02:01,SNQVAVLY,12.525560012509402,0.125255600125094,simulated,5,0
HLA-A*01:01,SNQVAVLY,221.90296260742093,2.2190296260742093,simulated,5,0
HLA-A*24:02,SNQVAVLY,4.302060810647855,0.04302060810647854,simulated,5,0
HLA-A*03:01,SNQVAVLY,23.0818633427402,0.230818633427402,simulated,5,0
HLA-A*11:01,SNQVAVLY,2509.1068489489107,25.091068489489107,simulated,5,0
HLA-A*02:01,NQVAVLYQ,2639.7860118605745,26.397860118605745,simulated,5,0
HLA-A*01:01,NQVAVLYQ,1284.0416777243404,12.840416777243403,simulated,5,0
HLA-A*24:02,NQVAVLYQ,79.27323319851703,0.7927323319851703,simulated,5,0
HLA-A*03:01,NQVAVLYQ,498.4135266014861,4.984135266014861,simulated,5,0
HLA-A*11:01,NQVAVLYQ,544.3801136934075,5.443801136934074,simulated,5,0
HLA-A*02:01,QVAVLYQG,54.06156236774876,0.5406156236774876,simulated,5,0
HLA-A*01:01,QVAVLYQG,11088.340423953061,100.0,simulated,5,0
HLA-A*24:02,QVAVLYQG,3170.2870048842415,31.702870048842414,simulated,5,0
HLA-A*03:01,QVAVLYQG,352.45553476347646,3.524555347634765,simulated,5,0
HLA-A*11:01,QVAVLYQG,578.6075825373495,5.786075825373494,simulated,5,0
HLA-A*02:01,VAVLYQGV,831.8219664863615,8.318219664863614,simulated,6,0
HLA-A*01:01,VAVLYQGV,9.238532776208915,0.09238532776208914,simulated,6,0
HLA-A*24:02,VAVLYQGV,334.45356620399275,3.3445356620399274,simulated,6,0
HLA-A*03:01,VAVLYQGV,140.173974123866,1.40173974123866,simulated,6,0
HLA-A*11:01,VAVLYQGV,73.96653784493695,0.7396653784493695,simulated,6,0
HLA-A*02:01,AVLYQGVN,312.5149267601344,3.125149267601344,simulated,5,0
HLA-A*01:01,AVLYQGVN,19974.782323715946,100.0,simulated,5,0
HLA-A*24:02,AVLYQGVN,1975.4244032547263,19.754244032547263,simulated,5,0
HLA-A*03:01,AVLYQGVN,174.9490589571116,1.749490589571116,simulated,5,0
HLA-A*11:01,AVLYQGVN,1723.3379920576635,17.233379920576635,simulated,5,0
