{
  "export_date": "2025-09-20T10:10:08.389271",
  "fasta_files": {
    "initial_sequences": {
      "filename": "pipeline_outputs/exported_data/fasta_exports/initial_sequences.fasta",
      "sequence_count": 2,
      "file_size_kb": 0.548828125
    },
    "ensembl_sequences": {
      "filename": "pipeline_outputs/exported_data/fasta_exports/ensembl_sequences.fasta",
      "sequence_count": 2,
      "file_size_kb": 0.548828125
    },
    "dnachisel_optimized": {
      "filename": "pipeline_outputs/exported_data/fasta_exports/dnachisel_optimized.fasta",
      "sequence_count": 4,
      "file_size_kb": 0.171875
    },
    "mrnaid_optimized": {
      "filename": "pipeline_outputs/exported_data/fasta_exports/mrnaid_optimized.fasta",
      "sequence_count": 1,
      "file_size_kb": 0.0673828125
    },
    "benchling_final": {
      "filename": "pipeline_outputs/exported_data/fasta_exports/benchling_final.fasta",
      "sequence_count": 10,
      "file_size_kb": 1.0380859375
    }
  },
  "total_sequences": 19
}